This file contains any messages produced by compilers while
running configure, to aid debugging if configure makes a mistake.

It was created by libvmdk configure 20260714, which was
generated by GNU Autoconf 2.72.  Invocation command line was

  $ ./configure

## --------- ##
## Platform. ##
## --------- ##

hostname = M5.local
uname -m = arm64
uname -r = 25.5.0
uname -s = Darwin
uname -v = Darwin Kernel Version 25.5.0: Tue Jun  9 22:28:17 PDT 2026; root:xnu-12377.121.10~1/RELEASE_ARM64_T8142

/usr/bin/uname -p = arm
/bin/uname -X     = unknown

/bin/arch              = unknown
/usr/bin/arch -k       = unknown
/usr/convex/getsysinfo = unknown
/usr/bin/hostinfo      = Mach kernel version:
	 Darwin Kernel Version 25.5.0: Tue Jun  9 22:28:17 PDT 2026; root:xnu-12377.121.10~1/RELEASE_ARM64_T8142
Kernel configured for up to 10 processors.
10 processors are physically available.
10 processors are logically available.
Processor type: arm64e (ARM64E)
Processors active: 0 1 2 3 4 5 6 7 8 9
Primary memory available: 24.00 gigabytes
Default processor set: 807 tasks, 8084 threads, 10 processors
Load average: 3.95, Mach factor: 6.04
/bin/machine           = unknown
/usr/bin/oslevel       = unknown
/bin/universe          = unknown

PATH: /opt/homebrew/opt/rustup/bin/
PATH: /opt/homebrew/bin/
PATH: /opt/homebrew/sbin/
PATH: /usr/local/opt/expat/bin/
PATH: /usr/local/opt/curl/bin/
PATH: /opt/zerobrew/prefix/bin/
PATH: /opt/homebrew/opt/llvm/bin/
PATH: /usr/local/opt/ruby/bin/
PATH: /usr/local/lib/ruby/gems/3.3.0/bin/
PATH: /usr/local/opt/mysql-client@8.4/bin/
PATH: /Users/joker/Library/pnpm/
PATH: /usr/local/bin/
PATH: /usr/local/sbin/
PATH: /usr/local/opt/openssl@3/bin/
PATH: /Users/joker/yakit-projects/yak-engine/
PATH: /usr/local/opt/tcl-tk/bin/
PATH: /usr/local/opt/openssl@1.1/bin/
PATH: /usr/local/opt/mysql-client/bin/
PATH: /Users/joker/go/bin/
PATH: /opt/local/bin/
PATH: /opt/local/sbin/
PATH: /System/Cryptexes/App/usr/bin/
PATH: /usr/bin/
PATH: /bin/
PATH: /usr/sbin/
PATH: /sbin/
PATH: /var/run/com.apple.security.cryptexd/codex.system/bootstrap/usr/local/bin/
PATH: /var/run/com.apple.security.cryptexd/codex.system/bootstrap/usr/bin/
PATH: /var/run/com.apple.security.cryptexd/codex.system/bootstrap/usr/appleinternal/bin/
PATH: /pkg/env/global/bin/
PATH: /usr/local/share/dotnet/
PATH: ~/.dotnet/tools/
PATH: /usr/local/go/bin/
PATH: /opt/zerobrew/prefix/bin/
PATH: /Users/ida/.local/bin/
PATH: /Users/joker/.cargo/bin/
PATH: /Applications/iTerm.app/Contents/Resources/utilities/
PATH: /Users/joker/.local/bin/
PATH: /opt/homebrew/opt/fzf/bin/
PATH: /Users/joker/.dotnet/tools/
PATH: /usr/local/opt/fzf/bin/
PATH: /Users/joker/.bun/bin/
PATH: /Applications/010 Editor.app/Contents/CmdLine/
PATH: /Users/joker/.rvm/bin/


## ----------- ##
## Core tests. ##
## ----------- ##

configure:3578: looking for aux files: config.rpath compile ltmain.sh config.guess config.sub missing install-sh
configure:3591:  trying ./
configure:3620:   ./config.rpath found
configure:3620:   ./compile found
configure:3620:   ./ltmain.sh found
configure:3620:   ./config.guess found
configure:3620:   ./config.sub found
configure:3620:   ./missing found
configure:3602:   ./install-sh found
configure:3753: checking for a BSD-compatible install
configure:3827: result: /opt/homebrew/bin/ginstall -c
configure:3838: checking whether sleep supports fractional seconds
configure:3854: result: yes
configure:3857: checking filesystem timestamp resolution
configure:3992: result: 2
configure:3997: checking whether build environment is sane
configure:4042: result: yes
configure:4213: checking for a race-free mkdir -p
configure:4256: result: /opt/homebrew/bin/gmkdir -p
configure:4263: checking for gawk
configure:4299: result: no
configure:4263: checking for mawk
configure:4299: result: no
configure:4263: checking for nawk
configure:4299: result: no
configure:4263: checking for awk
configure:4284: found /usr/bin/awk
configure:4296: result: awk
configure:4307: checking whether make sets $(MAKE)
configure:4331: result: yes
configure:4357: checking whether make supports nested variables
configure:4376: result: yes
configure:4390: checking xargs -n works
configure:4406: result: yes
configure:4491: checking whether UID '501' is supported by ustar format
configure:4497: result: yes
configure:4504: checking whether GID '20' is supported by ustar format
configure:4510: result: yes
configure:4518: checking how to create a ustar tar archive
configure:4529: tar --version
bsdtar 3.5.3 - libarchive 3.7.4 zlib/1.2.12 liblzma/5.4.3 bz2lib/1.0.8 
configure:4532: $? = 0
configure:4572: tardir=conftest.dir && eval tar --format=ustar -chf - "$tardir" >conftest.tar
configure:4575: $? = 0
configure:4579: tar -xf - <conftest.tar
configure:4582: $? = 0
configure:4584: cat conftest.dir/file
GrepMe
configure:4587: $? = 0
configure:4602: result: gnutar
configure:4641: checking build system type
configure:4657: result: aarch64-apple-darwin25.5.0
configure:4677: checking host system type
configure:4692: result: aarch64-apple-darwin25.5.0
configure:4760: checking how to print strings
configure:4787: result: printf
configure:4821: checking whether make supports the include directive
configure:4836: make -f confmf.GNU && cat confinc.out
this is the am__doit target
configure:4839: $? = 0
configure:4858: result: yes (GNU style)
configure:4935: checking for gcc
configure:4956: found /usr/bin/gcc
configure:4968: result: gcc
configure:5327: checking for C compiler version
configure:5336: gcc --version >&5
Apple clang version 21.0.0 (clang-2100.1.1.101)
Target: arm64-apple-darwin25.5.0
Thread model: posix
InstalledDir: /Library/Developer/CommandLineTools/usr/bin
configure:5347: $? = 0
configure:5336: gcc -v >&5
Apple clang version 21.0.0 (clang-2100.1.1.101)
Target: arm64-apple-darwin25.5.0
Thread model: posix
InstalledDir: /Library/Developer/CommandLineTools/usr/bin
configure:5347: $? = 0
configure:5336: gcc -V >&5
clang: error: argument to '-V' is missing (expected 1 value)
clang: error: no input files
configure:5347: $? = 1
configure:5336: gcc -qversion >&5
clang: error: unknown argument '-qversion'; did you mean '--version'?
clang: error: no input files
configure:5347: $? = 1
configure:5336: gcc -version >&5
clang: error: unknown argument '-version'; did you mean '--version'?
clang: error: no input files
configure:5347: $? = 1
configure:5367: checking whether the C compiler works
configure:5389: gcc  -I/opt/homebrew/opt/llvm/include -L/opt/homebrew/opt/llvm/lib/c++ -L/opt/homebrew/opt/llvm/lib/unwind -lunwind conftest.c  >&5
configure:5393: $? = 0
configure:5444: result: yes
configure:5448: checking for C compiler default output file name
configure:5450: result: a.out
configure:5456: checking for suffix of executables
configure:5463: gcc -o conftest  -I/opt/homebrew/opt/llvm/include -L/opt/homebrew/opt/llvm/lib/c++ -L/opt/homebrew/opt/llvm/lib/unwind -lunwind conftest.c  >&5
configure:5467: $? = 0
configure:5491: result: 
configure:5515: checking whether we are cross compiling
configure:5523: gcc -o conftest  -I/opt/homebrew/opt/llvm/include -L/opt/homebrew/opt/llvm/lib/c++ -L/opt/homebrew/opt/llvm/lib/unwind -lunwind conftest.c  >&5
configure:5527: $? = 0
configure:5534: ./conftest
configure:5538: $? = 0
configure:5553: result: no
configure:5559: checking for suffix of object files
configure:5582: gcc -c  -I/opt/homebrew/opt/llvm/include conftest.c >&5
configure:5586: $? = 0
configure:5610: result: o
configure:5614: checking whether the compiler supports GNU C
configure:5634: gcc -c  -I/opt/homebrew/opt/llvm/include conftest.c >&5
configure:5634: $? = 0
configure:5646: result: yes
configure:5657: checking whether gcc accepts -g
configure:5678: gcc -c -g -I/opt/homebrew/opt/llvm/include conftest.c >&5
configure:5678: $? = 0
configure:5725: result: yes
configure:5745: checking for gcc option to enable C11 features
configure:5760: gcc  -c -g -O2 -I/opt/homebrew/opt/llvm/include conftest.c >&5
configure:5760: $? = 0
configure:5779: result: none needed
configure:5903: checking whether gcc understands -c and -o together
configure:5926: gcc -c conftest.c -o conftest2.o
configure:5929: $? = 0
configure:5926: gcc -c conftest.c -o conftest2.o
configure:5929: $? = 0
configure:5945: result: yes
configure:5964: checking dependency style of gcc
configure:6077: result: gcc3
configure:6092: checking for a sed that does not truncate output
configure:6164: result: /usr/bin/sed
configure:6182: checking for grep that handles long lines and -e
configure:6248: result: /usr/bin/grep
configure:6253: checking for egrep
configure:6323: result: /usr/bin/grep -E
configure:6330: checking for fgrep
configure:6400: result: /usr/bin/grep -F
configure:6437: checking for ld used by gcc
configure:6506: result: /Library/Developer/CommandLineTools/usr/bin/ld
configure:6513: checking if the linker (/Library/Developer/CommandLineTools/usr/bin/ld) is GNU ld
configure:6530: result: no
configure:6542: checking for BSD- or MS-compatible name lister (nm)
configure:6598: result: /usr/bin/nm -B
configure:6740: checking the name lister (/usr/bin/nm -B) interface
configure:6748: gcc -c -g -O2 -I/opt/homebrew/opt/llvm/include conftest.c >&5
configure:6751: /usr/bin/nm -B "conftest.o"
configure:6754: output
000000000000023c S _some_variable
0000000000000000 t ltmp0
000000000000023c s ltmp1
configure:6762: result: BSD nm
configure:6765: checking whether ln -s works
configure:6769: result: yes
configure:6777: checking the maximum length of command line arguments
configure:6910: result: 786432
configure:6958: checking how to convert aarch64-apple-darwin25.5.0 file names to aarch64-apple-darwin25.5.0 format
configure:7000: result: func_convert_file_noop
configure:7007: checking how to convert aarch64-apple-darwin25.5.0 file names to toolchain format
configure:7029: result: func_convert_file_noop
configure:7036: checking for /Library/Developer/CommandLineTools/usr/bin/ld option to reload object files
configure:7045: result: -r
configure:7078: checking for file
configure:7099: found /usr/bin/file
configure:7112: result: file
configure:7175: checking for objdump
configure:7196: found /usr/bin/objdump
configure:7208: result: objdump
configure:7237: checking how to recognize dependent libraries
configure:7446: result: pass_all
configure:7537: checking for dlltool
configure:7573: result: no
configure:7600: checking how to associate runtime and link libraries
configure:7629: result: printf %s\n
configure:7690: checking for ranlib
configure:7711: found /usr/bin/ranlib
configure:7723: result: ranlib
configure:7800: checking for ar
configure:7821: found /usr/bin/ar
configure:7833: result: ar
configure:7886: checking for archiver @FILE support
configure:7904: gcc -c -g -O2 -I/opt/homebrew/opt/llvm/include conftest.c >&5
configure:7904: $? = 0
configure:7908: ar cr libconftest.a @conftest.lst >&5
ar: @conftest.lst: No such file or directory
configure:7911: $? = 1
configure:7932: result: no
configure:7996: checking for strip
configure:8017: found /usr/bin/strip
configure:8029: result: strip
configure:8132: checking command to parse /usr/bin/nm -B output from gcc object
configure:8286: gcc -c -g -O2 -I/opt/homebrew/opt/llvm/include conftest.c >&5
configure:8289: $? = 0
configure:8293: /usr/bin/nm -B conftest.o | /usr/bin/sed -n -e 's/^.*[	 ]\([ABCDGIRSTW][ABCDGIRSTW]*\)[	 ][	 ]*\([_A-Za-z][_A-Za-z0-9]*\)$/\1 \2 \2/p' | /usr/bin/sed '/ __gnu_lto/d' > conftest.nm
cannot find nm_test_var in conftest.nm
configure:8286: gcc -c -g -O2 -I/opt/homebrew/opt/llvm/include conftest.c >&5
configure:8289: $? = 0
configure:8293: /usr/bin/nm -B conftest.o | /usr/bin/sed -n -e 's/^.*[	 ]\([ABCDGIRSTW][ABCDGIRSTW]*\)[	 ][	 ]*_\([_A-Za-z][_A-Za-z0-9]*\)$/\1 _\2 \2/p' | /usr/bin/sed '/ __gnu_lto/d' > conftest.nm
configure:8359: gcc -o conftest -g -O2 -I/opt/homebrew/opt/llvm/include -L/opt/homebrew/opt/llvm/lib/c++ -L/opt/homebrew/opt/llvm/lib/unwind -lunwind conftest.c conftstm.o >&5
configure:8362: $? = 0
configure:8401: result: ok
configure:8448: checking for sysroot
configure:8482: result: no
configure:8489: checking for a working dd
configure:8534: result: /bin/dd
configure:8538: checking how to truncate binary pipes
configure:8555: result: /bin/dd bs=4096 count=1
configure:8895: checking for mt
configure:8931: result: no
configure:8951: checking if : is a manifest tool
configure:8958: : '-?'
configure:8967: result: no
configure:9029: checking for dsymutil
configure:9050: found /opt/homebrew/opt/llvm/bin/dsymutil
configure:9062: result: dsymutil
configure:9133: checking for nmedit
configure:9154: found /usr/bin/nmedit
configure:9166: result: nmedit
configure:9237: checking for lipo
configure:9258: found /usr/bin/lipo
configure:9270: result: lipo
configure:9341: checking for otool
configure:9362: found /usr/bin/otool
configure:9374: result: otool
configure:9445: checking for otool64
configure:9481: result: no
configure:9526: checking for -single_module linker flag
gcc -g -O2 -L/opt/homebrew/opt/llvm/lib/c++ -L/opt/homebrew/opt/llvm/lib/unwind -lunwind -o libconftest.dylib -dynamiclib -Wl,-single_module conftest.c
ld: warning: -single_module is obsolete
configure:9561: result: no
configure:9566: checking for -no_fixup_chains linker flag
configure:9585: gcc -o conftest -g -O2 -I/opt/homebrew/opt/llvm/include -L/opt/homebrew/opt/llvm/lib/c++ -L/opt/homebrew/opt/llvm/lib/unwind -lunwind -Wl,-no_fixup_chains conftest.c  >&5
configure:9585: $? = 0
configure:9600: result: yes
configure:9603: checking for -exported_symbols_list linker flag
configure:9624: gcc -o conftest -g -O2 -I/opt/homebrew/opt/llvm/include -L/opt/homebrew/opt/llvm/lib/c++ -L/opt/homebrew/opt/llvm/lib/unwind -lunwind -Wl,-exported_symbols_list,conftest.sym conftest.c  >&5
configure:9624: $? = 0
configure:9637: result: yes
configure:9640: checking for -force_load linker flag
gcc -g -O2 -c -o conftest.o conftest.c
ar cr libconftest.a conftest.o
ranlib libconftest.a
gcc -g -O2 -L/opt/homebrew/opt/llvm/lib/c++ -L/opt/homebrew/opt/llvm/lib/unwind -lunwind -o conftest conftest.c -Wl,-force_load,./libconftest.a
configure:9674: result: yes
configure:9764: checking for stdio.h
configure:9764: gcc -c -g -O2 -I/opt/homebrew/opt/llvm/include conftest.c >&5
configure:9764: $? = 0
configure:9764: result: yes
configure:9764: checking for stdlib.h
configure:9764: gcc -c -g -O2 -I/opt/homebrew/opt/llvm/include conftest.c >&5
configure:9764: $? = 0
configure:9764: result: yes
configure:9764: checking for string.h
configure:9764: gcc -c -g -O2 -I/opt/homebrew/opt/llvm/include conftest.c >&5
configure:9764: $? = 0
configure:9764: result: yes
configure:9764: checking for inttypes.h
configure:9764: gcc -c -g -O2 -I/opt/homebrew/opt/llvm/include conftest.c >&5
configure:9764: $? = 0
configure:9764: result: yes
configure:9764: checking for stdint.h
configure:9764: gcc -c -g -O2 -I/opt/homebrew/opt/llvm/include conftest.c >&5
configure:9764: $? = 0
configure:9764: result: yes
configure:9764: checking for strings.h
configure:9764: gcc -c -g -O2 -I/opt/homebrew/opt/llvm/include conftest.c >&5
configure:9764: $? = 0
configure:9764: result: yes
configure:9764: checking for sys/stat.h
configure:9764: gcc -c -g -O2 -I/opt/homebrew/opt/llvm/include conftest.c >&5
configure:9764: $? = 0
configure:9764: result: yes
configure:9764: checking for sys/types.h
configure:9764: gcc -c -g -O2 -I/opt/homebrew/opt/llvm/include conftest.c >&5
configure:9764: $? = 0
configure:9764: result: yes
configure:9764: checking for unistd.h
configure:9764: gcc -c -g -O2 -I/opt/homebrew/opt/llvm/include conftest.c >&5
configure:9764: $? = 0
configure:9764: result: yes
configure:9789: checking for dlfcn.h
configure:9789: gcc -c -g -O2 -I/opt/homebrew/opt/llvm/include conftest.c >&5
configure:9789: $? = 0
configure:9789: result: yes
configure:10426: checking for objdir
configure:10443: result: .libs
configure:10709: checking if gcc supports -fno-rtti -fno-exceptions
configure:10728: gcc -c -g -O2 -I/opt/homebrew/opt/llvm/include -fno-rtti -fno-exceptions conftest.c >&5
configure:10732: $? = 0
configure:10746: result: yes
configure:11119: checking for gcc option to produce PIC
configure:11128: result: -fno-common -DPIC
configure:11136: checking if gcc PIC flag -fno-common -DPIC works
configure:11155: gcc -c -g -O2 -I/opt/homebrew/opt/llvm/include -fno-common -DPIC -DPIC conftest.c >&5
configure:11159: $? = 0
configure:11173: result: yes
configure:11202: checking if gcc static flag -static works
configure:11232: result: no
configure:11247: checking if gcc supports -c -o file.o
configure:11269: gcc -c -g -O2 -I/opt/homebrew/opt/llvm/include -o out/conftest2.o conftest.c >&5
configure:11273: $? = 0
configure:11296: result: yes
configure:11304: checking if gcc supports -c -o file.o
configure:11353: result: yes
configure:11386: checking whether the gcc linker (/Library/Developer/CommandLineTools/usr/bin/ld) supports shared libraries
configure:12670: result: yes
configure:12912: checking dynamic linker characteristics
configure:14299: result: darwin25.5.0 dyld
configure:14421: checking how to hardcode library paths into programs
configure:14446: result: immediate
configure:15046: checking whether stripping libraries is possible
configure:15063: result: yes
configure:15097: checking if libtool supports shared libraries
configure:15099: result: yes
configure:15102: checking whether to build shared libraries
configure:15127: result: yes
configure:15130: checking whether to build static libraries
configure:15134: result: yes
configure:15226: checking for gcc
configure:15259: result: gcc
configure:15618: checking for C compiler version
configure:15627: gcc --version >&5
Apple clang version 21.0.0 (clang-2100.1.1.101)
Target: arm64-apple-darwin25.5.0
Thread model: posix
InstalledDir: /Library/Developer/CommandLineTools/usr/bin
configure:15638: $? = 0
configure:15627: gcc -v >&5
Apple clang version 21.0.0 (clang-2100.1.1.101)
Target: arm64-apple-darwin25.5.0
Thread model: posix
InstalledDir: /Library/Developer/CommandLineTools/usr/bin
configure:15638: $? = 0
configure:15627: gcc -V >&5
clang: error: argument to '-V' is missing (expected 1 value)
clang: error: no input files
configure:15638: $? = 1
configure:15627: gcc -qversion >&5
clang: error: unknown argument '-qversion'; did you mean '--version'?
clang: error: no input files
configure:15638: $? = 1
configure:15627: gcc -version >&5
clang: error: unknown argument '-version'; did you mean '--version'?
clang: error: no input files
configure:15638: $? = 1
configure:15642: checking whether the compiler supports GNU C
configure:15674: result: yes
configure:15685: checking whether gcc accepts -g
configure:15753: result: yes
configure:15773: checking for gcc option to enable C11 features
configure:15807: result: none needed
configure:15931: checking whether gcc understands -c and -o together
configure:15973: result: yes
configure:15992: checking dependency style of gcc
configure:16105: result: gcc3
configure:16190: checking for g++
configure:16211: found /usr/bin/g++
configure:16223: result: g++
configure:16250: checking for C++ compiler version
configure:16259: g++ --version >&5
Apple clang version 21.0.0 (clang-2100.1.1.101)
Target: arm64-apple-darwin25.5.0
Thread model: posix
InstalledDir: /Library/Developer/CommandLineTools/usr/bin
configure:16270: $? = 0
configure:16259: g++ -v >&5
Apple clang version 21.0.0 (clang-2100.1.1.101)
Target: arm64-apple-darwin25.5.0
Thread model: posix
InstalledDir: /Library/Developer/CommandLineTools/usr/bin
configure:16270: $? = 0
configure:16259: g++ -V >&5
clang++: error: argument to '-V' is missing (expected 1 value)
clang++: error: no input files
configure:16270: $? = 1
configure:16259: g++ -qversion >&5
clang++: error: unknown argument '-qversion'; did you mean '--version'?
clang++: error: no input files
configure:16270: $? = 1
configure:16274: checking whether the compiler supports GNU C++
configure:16294: g++ -c  -I/opt/homebrew/opt/llvm/include conftest.cpp >&5
configure:16294: $? = 0
configure:16306: result: yes
configure:16317: checking whether g++ accepts -g
configure:16338: g++ -c -g -I/opt/homebrew/opt/llvm/include conftest.cpp >&5
configure:16338: $? = 0
configure:16385: result: yes
configure:16405: checking for g++ option to enable C++11 features
configure:16420: g++  -c -g -O2 -I/opt/homebrew/opt/llvm/include conftest.cpp >&5
conftest.cpp:189:25: warning: empty parentheses interpreted as a function declaration [-Wvexing-parse]
  189 |   cxx11test::delegate d2();
      |                         ^~
conftest.cpp:189:25: note: remove parentheses to declare a variable
  189 |   cxx11test::delegate d2();
      |                         ^~
1 warning generated.
configure:16420: $? = 0
configure:16439: result: none needed
configure:16510: checking dependency style of g++
configure:16623: result: gcc3
configure:16656: checking how to run the C++ preprocessor
configure:16678: g++ -E -I/opt/homebrew/opt/llvm/include conftest.cpp
configure:16678: $? = 0
configure:16694: g++ -E -I/opt/homebrew/opt/llvm/include conftest.cpp
conftest.cpp:23:10: fatal error: 'ac_nonexistent.h' file not found
   23 | #include <ac_nonexistent.h>
      |          ^~~~~~~~~~~~~~~~~~
1 error generated.
configure:16694: $? = 1
configure: failed program was:
| /* confdefs.h */
| #define PACKAGE_NAME "libvmdk"
| #define PACKAGE_TARNAME "libvmdk"
| #define PACKAGE_VERSION "20260714"
| #define PACKAGE_STRING "libvmdk 20260714"
| #define PACKAGE_BUGREPORT "https://github.com/libyal/libvmdk/issues"
| #define PACKAGE_URL ""
| #define PACKAGE "libvmdk"
| #define VERSION "20260714"
| #define HAVE_STDIO_H 1
| #define HAVE_STDLIB_H 1
| #define HAVE_STRING_H 1
| #define HAVE_INTTYPES_H 1
| #define HAVE_STDINT_H 1
| #define HAVE_STRINGS_H 1
| #define HAVE_SYS_STAT_H 1
| #define HAVE_SYS_TYPES_H 1
| #define HAVE_UNISTD_H 1
| #define STDC_HEADERS 1
| #define HAVE_DLFCN_H 1
| #define LT_OBJDIR ".libs/"
| /* end confdefs.h.  */
| #include <ac_nonexistent.h>
configure:16723: result: g++ -E
configure:16737: g++ -E -I/opt/homebrew/opt/llvm/include conftest.cpp
configure:16737: $? = 0
configure:16753: g++ -E -I/opt/homebrew/opt/llvm/include conftest.cpp
conftest.cpp:23:10: fatal error: 'ac_nonexistent.h' file not found
   23 | #include <ac_nonexistent.h>
      |          ^~~~~~~~~~~~~~~~~~
1 error generated.
configure:16753: $? = 1
configure: failed program was:
| /* confdefs.h */
| #define PACKAGE_NAME "libvmdk"
| #define PACKAGE_TARNAME "libvmdk"
| #define PACKAGE_VERSION "20260714"
| #define PACKAGE_STRING "libvmdk 20260714"
| #define PACKAGE_BUGREPORT "https://github.com/libyal/libvmdk/issues"
| #define PACKAGE_URL ""
| #define PACKAGE "libvmdk"
| #define VERSION "20260714"
| #define HAVE_STDIO_H 1
| #define HAVE_STDLIB_H 1
| #define HAVE_STRING_H 1
| #define HAVE_INTTYPES_H 1
| #define HAVE_STDINT_H 1
| #define HAVE_STRINGS_H 1
| #define HAVE_SYS_STAT_H 1
| #define HAVE_SYS_TYPES_H 1
| #define HAVE_UNISTD_H 1
| #define STDC_HEADERS 1
| #define HAVE_DLFCN_H 1
| #define LT_OBJDIR ".libs/"
| /* end confdefs.h.  */
| #include <ac_nonexistent.h>
configure:16921: checking for ld used by g++
configure:16990: result: /Library/Developer/CommandLineTools/usr/bin/ld
configure:16997: checking if the linker (/Library/Developer/CommandLineTools/usr/bin/ld) is GNU ld
configure:17014: result: no
configure:17068: checking whether the g++ linker (/Library/Developer/CommandLineTools/usr/bin/ld) supports shared libraries
configure:18156: result: yes
configure:18192: g++ -c -g -O2 -I/opt/homebrew/opt/llvm/include conftest.cpp >&5
configure:18195: $? = 0
configure:18681: checking for g++ option to produce PIC
configure:18690: result: -fno-common -DPIC
configure:18698: checking if g++ PIC flag -fno-common -DPIC works
configure:18717: g++ -c -g -O2 -I/opt/homebrew/opt/llvm/include -fno-common -DPIC -DPIC conftest.cpp >&5
configure:18721: $? = 0
configure:18735: result: yes
configure:18758: checking if g++ static flag -static works
configure:18788: result: no
configure:18800: checking if g++ supports -c -o file.o
configure:18822: g++ -c -g -O2 -I/opt/homebrew/opt/llvm/include -o out/conftest2.o conftest.cpp >&5
configure:18826: $? = 0
configure:18849: result: yes
configure:18854: checking if g++ supports -c -o file.o
configure:18903: result: yes
configure:18933: checking whether the g++ linker (/Library/Developer/CommandLineTools/usr/bin/ld) supports shared libraries
configure:18973: result: yes
configure:19116: checking dynamic linker characteristics
configure:20413: result: darwin25.5.0 dyld
configure:20478: checking how to hardcode library paths into programs
configure:20503: result: immediate
configure:20543: checking whether make sets $(MAKE)
configure:20567: result: yes
configure:20582: checking for pkg-config
configure:20605: found /opt/homebrew/bin/pkg-config
configure:20618: result: /opt/homebrew/bin/pkg-config
configure:20628: checking whether NLS is requested
configure:20639: result: yes
configure:20679: checking for msgfmt
configure: trying /opt/homebrew/bin/msgfmt...
0 translated messages.
configure:20713: result: /opt/homebrew/bin/msgfmt
configure:20722: checking for gmsgfmt
configure:20759: result: /opt/homebrew/bin/msgfmt
configure:20804: checking for xgettext
configure: trying /opt/homebrew/bin/xgettext...
/opt/homebrew/bin/xgettext: warning: file '/dev/null' extension '' is unknown; will try C
configure:20838: result: /opt/homebrew/bin/xgettext
configure:20883: checking for msgmerge
configure: trying /opt/homebrew/bin/msgmerge...
configure:20916: result: /opt/homebrew/bin/msgmerge
configure:20982: checking for ld
configure:21115: result: /Library/Developer/CommandLineTools/usr/bin/ld
configure:21122: checking if the linker (/Library/Developer/CommandLineTools/usr/bin/ld) is GNU ld
configure:21139: result: no
configure:21147: checking for shared library run path origin
configure:21162: result: done
configure:21185: checking 32-bit host C ABI
configure:21278: gcc -c -g -O2 -I/opt/homebrew/opt/llvm/include conftest.c >&5
configure:21278: $? = 0
configure:21458: result: no
configure:21468: checking how to run the C preprocessor
configure:21494: gcc -E -I/opt/homebrew/opt/llvm/include conftest.c
configure:21494: $? = 0
configure:21510: gcc -E -I/opt/homebrew/opt/llvm/include conftest.c
conftest.c:23:10: fatal error: 'ac_nonexistent.h' file not found
   23 | #include <ac_nonexistent.h>
      |          ^~~~~~~~~~~~~~~~~~
1 error generated.
configure:21510: $? = 1
configure: failed program was:
| /* confdefs.h */
| #define PACKAGE_NAME "libvmdk"
| #define PACKAGE_TARNAME "libvmdk"
| #define PACKAGE_VERSION "20260714"
| #define PACKAGE_STRING "libvmdk 20260714"
| #define PACKAGE_BUGREPORT "https://github.com/libyal/libvmdk/issues"
| #define PACKAGE_URL ""
| #define PACKAGE "libvmdk"
| #define VERSION "20260714"
| #define HAVE_STDIO_H 1
| #define HAVE_STDLIB_H 1
| #define HAVE_STRING_H 1
| #define HAVE_INTTYPES_H 1
| #define HAVE_STDINT_H 1
| #define HAVE_STRINGS_H 1
| #define HAVE_SYS_STAT_H 1
| #define HAVE_SYS_TYPES_H 1
| #define HAVE_UNISTD_H 1
| #define STDC_HEADERS 1
| #define HAVE_DLFCN_H 1
| #define LT_OBJDIR ".libs/"
| /* end confdefs.h.  */
| #include <ac_nonexistent.h>
configure:21539: result: gcc -E
configure:21553: gcc -E -I/opt/homebrew/opt/llvm/include conftest.c
configure:21553: $? = 0
configure:21569: gcc -E -I/opt/homebrew/opt/llvm/include conftest.c
conftest.c:23:10: fatal error: 'ac_nonexistent.h' file not found
   23 | #include <ac_nonexistent.h>
      |          ^~~~~~~~~~~~~~~~~~
1 error generated.
configure:21569: $? = 1
configure: failed program was:
| /* confdefs.h */
| #define PACKAGE_NAME "libvmdk"
| #define PACKAGE_TARNAME "libvmdk"
| #define PACKAGE_VERSION "20260714"
| #define PACKAGE_STRING "libvmdk 20260714"
| #define PACKAGE_BUGREPORT "https://github.com/libyal/libvmdk/issues"
| #define PACKAGE_URL ""
| #define PACKAGE "libvmdk"
| #define VERSION "20260714"
| #define HAVE_STDIO_H 1
| #define HAVE_STDLIB_H 1
| #define HAVE_STRING_H 1
| #define HAVE_INTTYPES_H 1
| #define HAVE_STDINT_H 1
| #define HAVE_STRINGS_H 1
| #define HAVE_SYS_STAT_H 1
| #define HAVE_SYS_TYPES_H 1
| #define HAVE_UNISTD_H 1
| #define STDC_HEADERS 1
| #define HAVE_DLFCN_H 1
| #define LT_OBJDIR ".libs/"
| /* end confdefs.h.  */
| #include <ac_nonexistent.h>
configure:21602: checking for egrep -e
configure:21732: result: /usr/bin/grep -E
configure:21740: checking for ELF binary format
configure:21766: result: no
configure:21815: checking for the common suffixes of directories in the library search path
configure:21885: result: lib,lib,lib
configure:22403: checking for CFPreferencesCopyAppValue
configure:22422: gcc -o conftest -g -O2 -I/opt/homebrew/opt/llvm/include -L/opt/homebrew/opt/llvm/lib/c++ -L/opt/homebrew/opt/llvm/lib/unwind -lunwind conftest.c  -Wl,-framework -Wl,CoreFoundation >&5
conftest.c:27:27: warning: null passed to a callee that requires a non-null argument [-Wnonnull]
   27 | CFPreferencesCopyAppValue(NULL, NULL)
      |                           ^~~~
/Library/Developer/CommandLineTools/usr/lib/clang/21/include/__stddef_null.h:26:14: note: expanded from macro 'NULL'
   26 | #define NULL ((void*)0)
      |              ^~~~~~~~~~
conftest.c:27:33: warning: null passed to a callee that requires a non-null argument [-Wnonnull]
   27 | CFPreferencesCopyAppValue(NULL, NULL)
      |                                 ^~~~
/Library/Developer/CommandLineTools/usr/lib/clang/21/include/__stddef_null.h:26:14: note: expanded from macro 'NULL'
   26 | #define NULL ((void*)0)
      |              ^~~~~~~~~~
2 warnings generated.
configure:22422: $? = 0
configure:22434: result: yes
configure:22441: checking for CFLocaleCopyPreferredLanguages
configure:22460: gcc -o conftest -g -O2 -I/opt/homebrew/opt/llvm/include -L/opt/homebrew/opt/llvm/lib/c++ -L/opt/homebrew/opt/llvm/lib/unwind -lunwind conftest.c  -Wl,-framework -Wl,CoreFoundation >&5
configure:22460: $? = 0
configure:22472: result: yes
configure:22522: checking for GNU gettext in libc
configure:22552: gcc -o conftest -g -O2 -I/opt/homebrew/opt/llvm/include -L/opt/homebrew/opt/llvm/lib/c++ -L/opt/homebrew/opt/llvm/lib/unwind -lunwind conftest.c  >&5
conftest.c:26:10: fatal error: 'libintl.h' file not found
   26 | #include <libintl.h>
      |          ^~~~~~~~~~~
1 error generated.
configure:22552: $? = 1
configure: failed program was:
| /* confdefs.h */
| #define PACKAGE_NAME "libvmdk"
| #define PACKAGE_TARNAME "libvmdk"
| #define PACKAGE_VERSION "20260714"
| #define PACKAGE_STRING "libvmdk 20260714"
| #define PACKAGE_BUGREPORT "https://github.com/libyal/libvmdk/issues"
| #define PACKAGE_URL ""
| #define PACKAGE "libvmdk"
| #define VERSION "20260714"
| #define HAVE_STDIO_H 1
| #define HAVE_STDLIB_H 1
| #define HAVE_STRING_H 1
| #define HAVE_INTTYPES_H 1
| #define HAVE_STDINT_H 1
| #define HAVE_STRINGS_H 1
| #define HAVE_SYS_STAT_H 1
| #define HAVE_SYS_TYPES_H 1
| #define HAVE_UNISTD_H 1
| #define STDC_HEADERS 1
| #define HAVE_DLFCN_H 1
| #define LT_OBJDIR ".libs/"
| #define HAVE_CFPREFERENCESCOPYAPPVALUE 1
| #define HAVE_CFLOCALECOPYPREFERREDLANGUAGES 1
| /* end confdefs.h.  */
| 
| #include <libintl.h>
| #ifndef __GNU_GETTEXT_SUPPORTED_REVISION
| extern int _nl_msg_cat_cntr;
| extern int *_nl_domain_bindings;
| #define __GNU_GETTEXT_SYMBOL_EXPRESSION (_nl_msg_cat_cntr + *_nl_domain_bindings)
| #else
| #define __GNU_GETTEXT_SYMBOL_EXPRESSION 0
| #endif
| 
| 
| int
| main (void)
| {
| 
| bindtextdomain ("", "");
| return * gettext ("") + __GNU_GETTEXT_SYMBOL_EXPRESSION
| 
|   ;
|   return 0;
| }
configure:22564: result: no
configure:22598: checking for iconv
configure:22623: gcc -o conftest -g -O2 -I/opt/homebrew/opt/llvm/include -L/opt/homebrew/opt/llvm/lib/c++ -L/opt/homebrew/opt/llvm/lib/unwind -lunwind conftest.c  >&5
Undefined symbols for architecture arm64:
  "_iconv", referenced from:
      _main in conftest-67eac0.o
  "_iconv_close", referenced from:
      _main in conftest-67eac0.o
  "_iconv_open", referenced from:
      _main in conftest-67eac0.o
ld: symbol(s) not found for architecture arm64
clang: error: linker command failed with exit code 1 (use -v to see invocation)
configure:22623: $? = 1
configure: failed program was:
| /* confdefs.h */
| #define PACKAGE_NAME "libvmdk"
| #define PACKAGE_TARNAME "libvmdk"
| #define PACKAGE_VERSION "20260714"
| #define PACKAGE_STRING "libvmdk 20260714"
| #define PACKAGE_BUGREPORT "https://github.com/libyal/libvmdk/issues"
| #define PACKAGE_URL ""
| #define PACKAGE "libvmdk"
| #define VERSION "20260714"
| #define HAVE_STDIO_H 1
| #define HAVE_STDLIB_H 1
| #define HAVE_STRING_H 1
| #define HAVE_INTTYPES_H 1
| #define HAVE_STDINT_H 1
| #define HAVE_STRINGS_H 1
| #define HAVE_SYS_STAT_H 1
| #define HAVE_SYS_TYPES_H 1
| #define HAVE_UNISTD_H 1
| #define STDC_HEADERS 1
| #define HAVE_DLFCN_H 1
| #define LT_OBJDIR ".libs/"
| #define HAVE_CFPREFERENCESCOPYAPPVALUE 1
| #define HAVE_CFLOCALECOPYPREFERREDLANGUAGES 1
| /* end confdefs.h.  */
| 
| #include <stdlib.h>
| #include <iconv.h>
| 
| int
| main (void)
| {
| iconv_t cd = iconv_open("","");
|            iconv(cd,NULL,NULL,NULL,NULL);
|            iconv_close(cd);
|   ;
|   return 0;
| }
configure:22648: gcc -o conftest -g -O2 -I/opt/homebrew/opt/llvm/include -L/opt/homebrew/opt/llvm/lib/c++ -L/opt/homebrew/opt/llvm/lib/unwind -lunwind conftest.c  -liconv >&5
configure:22648: $? = 0
configure:22660: result: yes
configure:22663: checking for working iconv
configure:22806: gcc -o conftest -g -O2 -I/opt/homebrew/opt/llvm/include -L/opt/homebrew/opt/llvm/lib/c++ -L/opt/homebrew/opt/llvm/lib/unwind -lunwind conftest.c  -liconv >&5
configure:22806: $? = 0
configure:22806: ./conftest
configure:22806: $? = 0
configure:22821: result: yes
configure:22836: checking how to link with libiconv
configure:22838: result: -liconv
configure:23333: checking for GNU gettext in libintl
configure:23371: gcc -o conftest -g -O2 -I/opt/homebrew/opt/llvm/include  -L/opt/homebrew/opt/llvm/lib/c++ -L/opt/homebrew/opt/llvm/lib/unwind -lunwind conftest.c  -lintl >&5
conftest.c:27:10: fatal error: 'libintl.h' file not found
   27 | #include <libintl.h>
      |          ^~~~~~~~~~~
1 error generated.
configure:23371: $? = 1
configure: failed program was:
| /* confdefs.h */
| #define PACKAGE_NAME "libvmdk"
| #define PACKAGE_TARNAME "libvmdk"
| #define PACKAGE_VERSION "20260714"
| #define PACKAGE_STRING "libvmdk 20260714"
| #define PACKAGE_BUGREPORT "https://github.com/libyal/libvmdk/issues"
| #define PACKAGE_URL ""
| #define PACKAGE "libvmdk"
| #define VERSION "20260714"
| #define HAVE_STDIO_H 1
| #define HAVE_STDLIB_H 1
| #define HAVE_STRING_H 1
| #define HAVE_INTTYPES_H 1
| #define HAVE_STDINT_H 1
| #define HAVE_STRINGS_H 1
| #define HAVE_SYS_STAT_H 1
| #define HAVE_SYS_TYPES_H 1
| #define HAVE_UNISTD_H 1
| #define STDC_HEADERS 1
| #define HAVE_DLFCN_H 1
| #define LT_OBJDIR ".libs/"
| #define HAVE_CFPREFERENCESCOPYAPPVALUE 1
| #define HAVE_CFLOCALECOPYPREFERREDLANGUAGES 1
| #define HAVE_ICONV 1
| /* end confdefs.h.  */
| 
| #include <libintl.h>
| #ifndef __GNU_GETTEXT_SUPPORTED_REVISION
| extern int _nl_msg_cat_cntr;
| extern
| #ifdef __cplusplus
| "C"
| #endif
| const char *_nl_expand_alias (const char *);
| #define __GNU_GETTEXT_SYMBOL_EXPRESSION (_nl_msg_cat_cntr + *_nl_expand_alias (""))
| #else
| #define __GNU_GETTEXT_SYMBOL_EXPRESSION 0
| #endif
| 
| 
| int
| main (void)
| {
| 
| bindtextdomain ("", "");
| return * gettext ("") + __GNU_GETTEXT_SYMBOL_EXPRESSION
| 
|   ;
|   return 0;
| }
configure:23410: gcc -o conftest -g -O2 -I/opt/homebrew/opt/llvm/include  -L/opt/homebrew/opt/llvm/lib/c++ -L/opt/homebrew/opt/llvm/lib/unwind -lunwind conftest.c  -lintl -liconv >&5
conftest.c:27:10: fatal error: 'libintl.h' file not found
   27 | #include <libintl.h>
      |          ^~~~~~~~~~~
1 error generated.
configure:23410: $? = 1
configure: failed program was:
| /* confdefs.h */
| #define PACKAGE_NAME "libvmdk"
| #define PACKAGE_TARNAME "libvmdk"
| #define PACKAGE_VERSION "20260714"
| #define PACKAGE_STRING "libvmdk 20260714"
| #define PACKAGE_BUGREPORT "https://github.com/libyal/libvmdk/issues"
| #define PACKAGE_URL ""
| #define PACKAGE "libvmdk"
| #define VERSION "20260714"
| #define HAVE_STDIO_H 1
| #define HAVE_STDLIB_H 1
| #define HAVE_STRING_H 1
| #define HAVE_INTTYPES_H 1
| #define HAVE_STDINT_H 1
| #define HAVE_STRINGS_H 1
| #define HAVE_SYS_STAT_H 1
| #define HAVE_SYS_TYPES_H 1
| #define HAVE_UNISTD_H 1
| #define STDC_HEADERS 1
| #define HAVE_DLFCN_H 1
| #define LT_OBJDIR ".libs/"
| #define HAVE_CFPREFERENCESCOPYAPPVALUE 1
| #define HAVE_CFLOCALECOPYPREFERREDLANGUAGES 1
| #define HAVE_ICONV 1
| /* end confdefs.h.  */
| 
| #include <libintl.h>
| #ifndef __GNU_GETTEXT_SUPPORTED_REVISION
| extern int _nl_msg_cat_cntr;
| extern
| #ifdef __cplusplus
| "C"
| #endif
| const char *_nl_expand_alias (const char *);
| #define __GNU_GETTEXT_SYMBOL_EXPRESSION (_nl_msg_cat_cntr + *_nl_expand_alias (""))
| #else
| #define __GNU_GETTEXT_SYMBOL_EXPRESSION 0
| #endif
| 
| 
| int
| main (void)
| {
| 
| bindtextdomain ("", "");
| return * gettext ("") + __GNU_GETTEXT_SYMBOL_EXPRESSION
| 
|   ;
|   return 0;
| }
configure:23425: result: no
configure:23460: checking whether to use NLS
configure:23462: result: no
configure:23535: checking for an ANSI C-conforming const
configure:23602: gcc -c -g -O2 -I/opt/homebrew/opt/llvm/include conftest.c >&5
configure:23602: $? = 0
configure:23612: result: yes
configure:23620: checking for working volatile
configure:23640: gcc -c -g -O2 -I/opt/homebrew/opt/llvm/include conftest.c >&5
configure:23640: $? = 0
configure:23650: result: yes
configure:23666: checking for gcc option to enable large file support
configure:23701: gcc -c -g -O2 -I/opt/homebrew/opt/llvm/include conftest.c >&5
configure:23701: $? = 0
configure:23707: gcc -DFTYPE=ino_t -c -g -O2 -I/opt/homebrew/opt/llvm/include conftest.c >&5
configure:23707: $? = 0
configure:23732: result: none needed
configure:23844: checking whether to disable shared library support
configure:23853: result: yes
configure:23866: checking whether to enable build with asan
configure:23875: result: no
configure:23965: checking whether to enable build with ubsan
configure:23974: result: no
configure:24060: checking whether to enable build for code coverage)
configure:24069: result: no
configure:24140: checking whether to enable build static executables (binaries)
configure:24149: result: no
configure:24172: checking whether to enable WINAPI support for cross-compilation
configure:24181: result: auto-detect
configure:24220: checking whether to enable enable wide character type support
configure:24229: result: no
configure:24242: checking whether to enable enable verbose output
configure:24251: result: no
configure:24273: checking whether to enable enable debug output
configure:24282: result: no
configure:24314: checking for sys/types.h
configure:24314: result: yes
configure:24320: checking for inttypes.h
configure:24320: result: yes
configure:24326: checking for stdint.h
configure:24326: result: yes
configure:24332: checking for wchar.h
configure:24332: gcc -c -g -O2 -I/opt/homebrew/opt/llvm/include conftest.c >&5
configure:24332: $? = 0
configure:24332: result: yes
configure:24384: checking for mode_t
configure:24384: gcc -c -g -O2 -I/opt/homebrew/opt/llvm/include conftest.c >&5
configure:24384: $? = 0
configure:24384: gcc -c -g -O2 -I/opt/homebrew/opt/llvm/include conftest.c >&5
conftest.c:61:21: error: expected expression
   61 | if (sizeof ((mode_t)))
      |                     ^
1 error generated.
configure:24384: $? = 1
configure: failed program was:
| /* confdefs.h */
| #define PACKAGE_NAME "libvmdk"
| #define PACKAGE_TARNAME "libvmdk"
| #define PACKAGE_VERSION "20260714"
| #define PACKAGE_STRING "libvmdk 20260714"
| #define PACKAGE_BUGREPORT "https://github.com/libyal/libvmdk/issues"
| #define PACKAGE_URL ""
| #define PACKAGE "libvmdk"
| #define VERSION "20260714"
| #define HAVE_STDIO_H 1
| #define HAVE_STDLIB_H 1
| #define HAVE_STRING_H 1
| #define HAVE_INTTYPES_H 1
| #define HAVE_STDINT_H 1
| #define HAVE_STRINGS_H 1
| #define HAVE_SYS_STAT_H 1
| #define HAVE_SYS_TYPES_H 1
| #define HAVE_UNISTD_H 1
| #define STDC_HEADERS 1
| #define HAVE_DLFCN_H 1
| #define LT_OBJDIR ".libs/"
| #define HAVE_CFPREFERENCESCOPYAPPVALUE 1
| #define HAVE_CFLOCALECOPYPREFERREDLANGUAGES 1
| #define HAVE_ICONV 1
| #define HAVE_SYS_TYPES_H 1
| #define HAVE_INTTYPES_H 1
| #define HAVE_STDINT_H 1
| #define HAVE_WCHAR_H 1
| /* end confdefs.h.  */
| #include <stddef.h>
| #ifdef HAVE_STDIO_H
| # include <stdio.h>
| #endif
| #ifdef HAVE_STDLIB_H
| # include <stdlib.h>
| #endif
| #ifdef HAVE_STRING_H
| # include <string.h>
| #endif
| #ifdef HAVE_INTTYPES_H
| # include <inttypes.h>
| #endif
| #ifdef HAVE_STDINT_H
| # include <stdint.h>
| #endif
| #ifdef HAVE_STRINGS_H
| # include <strings.h>
| #endif
| #ifdef HAVE_SYS_TYPES_H
| # include <sys/types.h>
| #endif
| #ifdef HAVE_SYS_STAT_H
| # include <sys/stat.h>
| #endif
| #ifdef HAVE_UNISTD_H
| # include <unistd.h>
| #endif
| int
| main (void)
| {
| if (sizeof ((mode_t)))
| 	    return 0;
|   ;
|   return 0;
| }
configure:24384: result: yes
configure:24395: checking for off_t
configure:24395: gcc -c -g -O2 -I/opt/homebrew/opt/llvm/include conftest.c >&5
configure:24395: $? = 0
configure:24395: gcc -c -g -O2 -I/opt/homebrew/opt/llvm/include conftest.c >&5
conftest.c:61:20: error: expected expression
   61 | if (sizeof ((off_t)))
      |                    ^
1 error generated.
configure:24395: $? = 1
configure: failed program was:
| /* confdefs.h */
| #define PACKAGE_NAME "libvmdk"
| #define PACKAGE_TARNAME "libvmdk"
| #define PACKAGE_VERSION "20260714"
| #define PACKAGE_STRING "libvmdk 20260714"
| #define PACKAGE_BUGREPORT "https://github.com/libyal/libvmdk/issues"
| #define PACKAGE_URL ""
| #define PACKAGE "libvmdk"
| #define VERSION "20260714"
| #define HAVE_STDIO_H 1
| #define HAVE_STDLIB_H 1
| #define HAVE_STRING_H 1
| #define HAVE_INTTYPES_H 1
| #define HAVE_STDINT_H 1
| #define HAVE_STRINGS_H 1
| #define HAVE_SYS_STAT_H 1
| #define HAVE_SYS_TYPES_H 1
| #define HAVE_UNISTD_H 1
| #define STDC_HEADERS 1
| #define HAVE_DLFCN_H 1
| #define LT_OBJDIR ".libs/"
| #define HAVE_CFPREFERENCESCOPYAPPVALUE 1
| #define HAVE_CFLOCALECOPYPREFERREDLANGUAGES 1
| #define HAVE_ICONV 1
| #define HAVE_SYS_TYPES_H 1
| #define HAVE_INTTYPES_H 1
| #define HAVE_STDINT_H 1
| #define HAVE_WCHAR_H 1
| /* end confdefs.h.  */
| #include <stddef.h>
| #ifdef HAVE_STDIO_H
| # include <stdio.h>
| #endif
| #ifdef HAVE_STDLIB_H
| # include <stdlib.h>
| #endif
| #ifdef HAVE_STRING_H
| # include <string.h>
| #endif
| #ifdef HAVE_INTTYPES_H
| # include <inttypes.h>
| #endif
| #ifdef HAVE_STDINT_H
| # include <stdint.h>
| #endif
| #ifdef HAVE_STRINGS_H
| # include <strings.h>
| #endif
| #ifdef HAVE_SYS_TYPES_H
| # include <sys/types.h>
| #endif
| #ifdef HAVE_SYS_STAT_H
| # include <sys/stat.h>
| #endif
| #ifdef HAVE_UNISTD_H
| # include <unistd.h>
| #endif
| int
| main (void)
| {
| if (sizeof ((off_t)))
| 	    return 0;
|   ;
|   return 0;
| }
configure:24395: result: yes
configure:24406: checking for size_t
configure:24406: gcc -c -g -O2 -I/opt/homebrew/opt/llvm/include conftest.c >&5
configure:24406: $? = 0
configure:24406: gcc -c -g -O2 -I/opt/homebrew/opt/llvm/include conftest.c >&5
conftest.c:61:21: error: expected expression
   61 | if (sizeof ((size_t)))
      |                     ^
1 error generated.
configure:24406: $? = 1
configure: failed program was:
| /* confdefs.h */
| #define PACKAGE_NAME "libvmdk"
| #define PACKAGE_TARNAME "libvmdk"
| #define PACKAGE_VERSION "20260714"
| #define PACKAGE_STRING "libvmdk 20260714"
| #define PACKAGE_BUGREPORT "https://github.com/libyal/libvmdk/issues"
| #define PACKAGE_URL ""
| #define PACKAGE "libvmdk"
| #define VERSION "20260714"
| #define HAVE_STDIO_H 1
| #define HAVE_STDLIB_H 1
| #define HAVE_STRING_H 1
| #define HAVE_INTTYPES_H 1
| #define HAVE_STDINT_H 1
| #define HAVE_STRINGS_H 1
| #define HAVE_SYS_STAT_H 1
| #define HAVE_SYS_TYPES_H 1
| #define HAVE_UNISTD_H 1
| #define STDC_HEADERS 1
| #define HAVE_DLFCN_H 1
| #define LT_OBJDIR ".libs/"
| #define HAVE_CFPREFERENCESCOPYAPPVALUE 1
| #define HAVE_CFLOCALECOPYPREFERREDLANGUAGES 1
| #define HAVE_ICONV 1
| #define HAVE_SYS_TYPES_H 1
| #define HAVE_INTTYPES_H 1
| #define HAVE_STDINT_H 1
| #define HAVE_WCHAR_H 1
| /* end confdefs.h.  */
| #include <stddef.h>
| #ifdef HAVE_STDIO_H
| # include <stdio.h>
| #endif
| #ifdef HAVE_STDLIB_H
| # include <stdlib.h>
| #endif
| #ifdef HAVE_STRING_H
| # include <string.h>
| #endif
| #ifdef HAVE_INTTYPES_H
| # include <inttypes.h>
| #endif
| #ifdef HAVE_STDINT_H
| # include <stdint.h>
| #endif
| #ifdef HAVE_STRINGS_H
| # include <strings.h>
| #endif
| #ifdef HAVE_SYS_TYPES_H
| # include <sys/types.h>
| #endif
| #ifdef HAVE_SYS_STAT_H
| # include <sys/stat.h>
| #endif
| #ifdef HAVE_UNISTD_H
| # include <unistd.h>
| #endif
| int
| main (void)
| {
| if (sizeof ((size_t)))
| 	    return 0;
|   ;
|   return 0;
| }
configure:24406: result: yes
configure:24418: checking for size32_t
configure:24418: gcc -c -g -O2 -I/opt/homebrew/opt/llvm/include conftest.c >&5
conftest.c:61:13: error: use of undeclared identifier 'size32_t'; did you mean 'size_t'?
   61 | if (sizeof (size32_t))
      |             ^~~~~~~~
/Library/Developer/CommandLineTools/usr/lib/clang/21/include/__stddef_size_t.h:18:23: note: 'size_t' declared here
   18 | typedef __SIZE_TYPE__ size_t;
      |                       ^
1 error generated.
configure:24418: $? = 1
configure: failed program was:
| /* confdefs.h */
| #define PACKAGE_NAME "libvmdk"
| #define PACKAGE_TARNAME "libvmdk"
| #define PACKAGE_VERSION "20260714"
| #define PACKAGE_STRING "libvmdk 20260714"
| #define PACKAGE_BUGREPORT "https://github.com/libyal/libvmdk/issues"
| #define PACKAGE_URL ""
| #define PACKAGE "libvmdk"
| #define VERSION "20260714"
| #define HAVE_STDIO_H 1
| #define HAVE_STDLIB_H 1
| #define HAVE_STRING_H 1
| #define HAVE_INTTYPES_H 1
| #define HAVE_STDINT_H 1
| #define HAVE_STRINGS_H 1
| #define HAVE_SYS_STAT_H 1
| #define HAVE_SYS_TYPES_H 1
| #define HAVE_UNISTD_H 1
| #define STDC_HEADERS 1
| #define HAVE_DLFCN_H 1
| #define LT_OBJDIR ".libs/"
| #define HAVE_CFPREFERENCESCOPYAPPVALUE 1
| #define HAVE_CFLOCALECOPYPREFERREDLANGUAGES 1
| #define HAVE_ICONV 1
| #define HAVE_SYS_TYPES_H 1
| #define HAVE_INTTYPES_H 1
| #define HAVE_STDINT_H 1
| #define HAVE_WCHAR_H 1
| /* end confdefs.h.  */
| #include <stddef.h>
| #ifdef HAVE_STDIO_H
| # include <stdio.h>
| #endif
| #ifdef HAVE_STDLIB_H
| # include <stdlib.h>
| #endif
| #ifdef HAVE_STRING_H
| # include <string.h>
| #endif
| #ifdef HAVE_INTTYPES_H
| # include <inttypes.h>
| #endif
| #ifdef HAVE_STDINT_H
| # include <stdint.h>
| #endif
| #ifdef HAVE_STRINGS_H
| # include <strings.h>
| #endif
| #ifdef HAVE_SYS_TYPES_H
| # include <sys/types.h>
| #endif
| #ifdef HAVE_SYS_STAT_H
| # include <sys/stat.h>
| #endif
| #ifdef HAVE_UNISTD_H
| # include <unistd.h>
| #endif
| int
| main (void)
| {
| if (sizeof (size32_t))
| 	 return 0;
|   ;
|   return 0;
| }
configure:24418: result: no
configure:24431: checking for ssize32_t
configure:24431: gcc -c -g -O2 -I/opt/homebrew/opt/llvm/include conftest.c >&5
conftest.c:61:13: error: use of undeclared identifier 'ssize32_t'; did you mean 'ssize_t'?
   61 | if (sizeof (ssize32_t))
      |             ^~~~~~~~~
/Library/Developer/CommandLineTools/SDKs/MacOSX.sdk/usr/include/sys/_types/_ssize_t.h:31:33: note: 'ssize_t' declared here
   31 | typedef __darwin_ssize_t        ssize_t;
      |                                 ^
1 error generated.
configure:24431: $? = 1
configure: failed program was:
| /* confdefs.h */
| #define PACKAGE_NAME "libvmdk"
| #define PACKAGE_TARNAME "libvmdk"
| #define PACKAGE_VERSION "20260714"
| #define PACKAGE_STRING "libvmdk 20260714"
| #define PACKAGE_BUGREPORT "https://github.com/libyal/libvmdk/issues"
| #define PACKAGE_URL ""
| #define PACKAGE "libvmdk"
| #define VERSION "20260714"
| #define HAVE_STDIO_H 1
| #define HAVE_STDLIB_H 1
| #define HAVE_STRING_H 1
| #define HAVE_INTTYPES_H 1
| #define HAVE_STDINT_H 1
| #define HAVE_STRINGS_H 1
| #define HAVE_SYS_STAT_H 1
| #define HAVE_SYS_TYPES_H 1
| #define HAVE_UNISTD_H 1
| #define STDC_HEADERS 1
| #define HAVE_DLFCN_H 1
| #define LT_OBJDIR ".libs/"
| #define HAVE_CFPREFERENCESCOPYAPPVALUE 1
| #define HAVE_CFLOCALECOPYPREFERREDLANGUAGES 1
| #define HAVE_ICONV 1
| #define HAVE_SYS_TYPES_H 1
| #define HAVE_INTTYPES_H 1
| #define HAVE_STDINT_H 1
| #define HAVE_WCHAR_H 1
| /* end confdefs.h.  */
| #include <stddef.h>
| #ifdef HAVE_STDIO_H
| # include <stdio.h>
| #endif
| #ifdef HAVE_STDLIB_H
| # include <stdlib.h>
| #endif
| #ifdef HAVE_STRING_H
| # include <string.h>
| #endif
| #ifdef HAVE_INTTYPES_H
| # include <inttypes.h>
| #endif
| #ifdef HAVE_STDINT_H
| # include <stdint.h>
| #endif
| #ifdef HAVE_STRINGS_H
| # include <strings.h>
| #endif
| #ifdef HAVE_SYS_TYPES_H
| # include <sys/types.h>
| #endif
| #ifdef HAVE_SYS_STAT_H
| # include <sys/stat.h>
| #endif
| #ifdef HAVE_UNISTD_H
| # include <unistd.h>
| #endif
| int
| main (void)
| {
| if (sizeof (ssize32_t))
| 	 return 0;
|   ;
|   return 0;
| }
configure:24431: result: no
configure:24444: checking for size64_t
configure:24444: gcc -c -g -O2 -I/opt/homebrew/opt/llvm/include conftest.c >&5
conftest.c:61:13: error: use of undeclared identifier 'size64_t'; did you mean 'size_t'?
   61 | if (sizeof (size64_t))
      |             ^~~~~~~~
/Library/Developer/CommandLineTools/usr/lib/clang/21/include/__stddef_size_t.h:18:23: note: 'size_t' declared here
   18 | typedef __SIZE_TYPE__ size_t;
      |                       ^
1 error generated.
configure:24444: $? = 1
configure: failed program was:
| /* confdefs.h */
| #define PACKAGE_NAME "libvmdk"
| #define PACKAGE_TARNAME "libvmdk"
| #define PACKAGE_VERSION "20260714"
| #define PACKAGE_STRING "libvmdk 20260714"
| #define PACKAGE_BUGREPORT "https://github.com/libyal/libvmdk/issues"
| #define PACKAGE_URL ""
| #define PACKAGE "libvmdk"
| #define VERSION "20260714"
| #define HAVE_STDIO_H 1
| #define HAVE_STDLIB_H 1
| #define HAVE_STRING_H 1
| #define HAVE_INTTYPES_H 1
| #define HAVE_STDINT_H 1
| #define HAVE_STRINGS_H 1
| #define HAVE_SYS_STAT_H 1
| #define HAVE_SYS_TYPES_H 1
| #define HAVE_UNISTD_H 1
| #define STDC_HEADERS 1
| #define HAVE_DLFCN_H 1
| #define LT_OBJDIR ".libs/"
| #define HAVE_CFPREFERENCESCOPYAPPVALUE 1
| #define HAVE_CFLOCALECOPYPREFERREDLANGUAGES 1
| #define HAVE_ICONV 1
| #define HAVE_SYS_TYPES_H 1
| #define HAVE_INTTYPES_H 1
| #define HAVE_STDINT_H 1
| #define HAVE_WCHAR_H 1
| /* end confdefs.h.  */
| #include <stddef.h>
| #ifdef HAVE_STDIO_H
| # include <stdio.h>
| #endif
| #ifdef HAVE_STDLIB_H
| # include <stdlib.h>
| #endif
| #ifdef HAVE_STRING_H
| # include <string.h>
| #endif
| #ifdef HAVE_INTTYPES_H
| # include <inttypes.h>
| #endif
| #ifdef HAVE_STDINT_H
| # include <stdint.h>
| #endif
| #ifdef HAVE_STRINGS_H
| # include <strings.h>
| #endif
| #ifdef HAVE_SYS_TYPES_H
| # include <sys/types.h>
| #endif
| #ifdef HAVE_SYS_STAT_H
| # include <sys/stat.h>
| #endif
| #ifdef HAVE_UNISTD_H
| # include <unistd.h>
| #endif
| int
| main (void)
| {
| if (sizeof (size64_t))
| 	 return 0;
|   ;
|   return 0;
| }
configure:24444: result: no
configure:24457: checking for ssize64_t
configure:24457: gcc -c -g -O2 -I/opt/homebrew/opt/llvm/include conftest.c >&5
conftest.c:61:13: error: use of undeclared identifier 'ssize64_t'; did you mean 'ssize_t'?
   61 | if (sizeof (ssize64_t))
      |             ^~~~~~~~~
/Library/Developer/CommandLineTools/SDKs/MacOSX.sdk/usr/include/sys/_types/_ssize_t.h:31:33: note: 'ssize_t' declared here
   31 | typedef __darwin_ssize_t        ssize_t;
      |                                 ^
1 error generated.
configure:24457: $? = 1
configure: failed program was:
| /* confdefs.h */
| #define PACKAGE_NAME "libvmdk"
| #define PACKAGE_TARNAME "libvmdk"
| #define PACKAGE_VERSION "20260714"
| #define PACKAGE_STRING "libvmdk 20260714"
| #define PACKAGE_BUGREPORT "https://github.com/libyal/libvmdk/issues"
| #define PACKAGE_URL ""
| #define PACKAGE "libvmdk"
| #define VERSION "20260714"
| #define HAVE_STDIO_H 1
| #define HAVE_STDLIB_H 1
| #define HAVE_STRING_H 1
| #define HAVE_INTTYPES_H 1
| #define HAVE_STDINT_H 1
| #define HAVE_STRINGS_H 1
| #define HAVE_SYS_STAT_H 1
| #define HAVE_SYS_TYPES_H 1
| #define HAVE_UNISTD_H 1
| #define STDC_HEADERS 1
| #define HAVE_DLFCN_H 1
| #define LT_OBJDIR ".libs/"
| #define HAVE_CFPREFERENCESCOPYAPPVALUE 1
| #define HAVE_CFLOCALECOPYPREFERREDLANGUAGES 1
| #define HAVE_ICONV 1
| #define HAVE_SYS_TYPES_H 1
| #define HAVE_INTTYPES_H 1
| #define HAVE_STDINT_H 1
| #define HAVE_WCHAR_H 1
| /* end confdefs.h.  */
| #include <stddef.h>
| #ifdef HAVE_STDIO_H
| # include <stdio.h>
| #endif
| #ifdef HAVE_STDLIB_H
| # include <stdlib.h>
| #endif
| #ifdef HAVE_STRING_H
| # include <string.h>
| #endif
| #ifdef HAVE_INTTYPES_H
| # include <inttypes.h>
| #endif
| #ifdef HAVE_STDINT_H
| # include <stdint.h>
| #endif
| #ifdef HAVE_STRINGS_H
| # include <strings.h>
| #endif
| #ifdef HAVE_SYS_TYPES_H
| # include <sys/types.h>
| #endif
| #ifdef HAVE_SYS_STAT_H
| # include <sys/stat.h>
| #endif
| #ifdef HAVE_UNISTD_H
| # include <unistd.h>
| #endif
| int
| main (void)
| {
| if (sizeof (ssize64_t))
| 	 return 0;
|   ;
|   return 0;
| }
configure:24457: result: no
configure:24470: checking for off64_t
configure:24470: gcc -c -g -O2 -I/opt/homebrew/opt/llvm/include conftest.c >&5
conftest.c:61:13: error: use of undeclared identifier 'off64_t'; did you mean 'off_t'?
   61 | if (sizeof (off64_t))
      |             ^~~~~~~
/Library/Developer/CommandLineTools/SDKs/MacOSX.sdk/usr/include/sys/_types/_off_t.h:31:33: note: 'off_t' declared here
   31 | typedef __darwin_off_t          off_t;
      |                                 ^
1 error generated.
configure:24470: $? = 1
configure: failed program was:
| /* confdefs.h */
| #define PACKAGE_NAME "libvmdk"
| #define PACKAGE_TARNAME "libvmdk"
| #define PACKAGE_VERSION "20260714"
| #define PACKAGE_STRING "libvmdk 20260714"
| #define PACKAGE_BUGREPORT "https://github.com/libyal/libvmdk/issues"
| #define PACKAGE_URL ""
| #define PACKAGE "libvmdk"
| #define VERSION "20260714"
| #define HAVE_STDIO_H 1
| #define HAVE_STDLIB_H 1
| #define HAVE_STRING_H 1
| #define HAVE_INTTYPES_H 1
| #define HAVE_STDINT_H 1
| #define HAVE_STRINGS_H 1
| #define HAVE_SYS_STAT_H 1
| #define HAVE_SYS_TYPES_H 1
| #define HAVE_UNISTD_H 1
| #define STDC_HEADERS 1
| #define HAVE_DLFCN_H 1
| #define LT_OBJDIR ".libs/"
| #define HAVE_CFPREFERENCESCOPYAPPVALUE 1
| #define HAVE_CFLOCALECOPYPREFERREDLANGUAGES 1
| #define HAVE_ICONV 1
| #define HAVE_SYS_TYPES_H 1
| #define HAVE_INTTYPES_H 1
| #define HAVE_STDINT_H 1
| #define HAVE_WCHAR_H 1
| /* end confdefs.h.  */
| #include <stddef.h>
| #ifdef HAVE_STDIO_H
| # include <stdio.h>
| #endif
| #ifdef HAVE_STDLIB_H
| # include <stdlib.h>
| #endif
| #ifdef HAVE_STRING_H
| # include <string.h>
| #endif
| #ifdef HAVE_INTTYPES_H
| # include <inttypes.h>
| #endif
| #ifdef HAVE_STDINT_H
| # include <stdint.h>
| #endif
| #ifdef HAVE_STRINGS_H
| # include <strings.h>
| #endif
| #ifdef HAVE_SYS_TYPES_H
| # include <sys/types.h>
| #endif
| #ifdef HAVE_SYS_STAT_H
| # include <sys/stat.h>
| #endif
| #ifdef HAVE_UNISTD_H
| # include <unistd.h>
| #endif
| int
| main (void)
| {
| if (sizeof (off64_t))
| 	 return 0;
|   ;
|   return 0;
| }
configure:24470: result: no
configure:24483: checking for ssize_t
configure:24483: gcc -c -g -O2 -I/opt/homebrew/opt/llvm/include conftest.c >&5
configure:24483: $? = 0
configure:24483: gcc -c -g -O2 -I/opt/homebrew/opt/llvm/include conftest.c >&5
conftest.c:61:22: error: expected expression
   61 | if (sizeof ((ssize_t)))
      |                      ^
1 error generated.
configure:24483: $? = 1
configure: failed program was:
| /* confdefs.h */
| #define PACKAGE_NAME "libvmdk"
| #define PACKAGE_TARNAME "libvmdk"
| #define PACKAGE_VERSION "20260714"
| #define PACKAGE_STRING "libvmdk 20260714"
| #define PACKAGE_BUGREPORT "https://github.com/libyal/libvmdk/issues"
| #define PACKAGE_URL ""
| #define PACKAGE "libvmdk"
| #define VERSION "20260714"
| #define HAVE_STDIO_H 1
| #define HAVE_STDLIB_H 1
| #define HAVE_STRING_H 1
| #define HAVE_INTTYPES_H 1
| #define HAVE_STDINT_H 1
| #define HAVE_STRINGS_H 1
| #define HAVE_SYS_STAT_H 1
| #define HAVE_SYS_TYPES_H 1
| #define HAVE_UNISTD_H 1
| #define STDC_HEADERS 1
| #define HAVE_DLFCN_H 1
| #define LT_OBJDIR ".libs/"
| #define HAVE_CFPREFERENCESCOPYAPPVALUE 1
| #define HAVE_CFLOCALECOPYPREFERREDLANGUAGES 1
| #define HAVE_ICONV 1
| #define HAVE_SYS_TYPES_H 1
| #define HAVE_INTTYPES_H 1
| #define HAVE_STDINT_H 1
| #define HAVE_WCHAR_H 1
| /* end confdefs.h.  */
| #include <stddef.h>
| #ifdef HAVE_STDIO_H
| # include <stdio.h>
| #endif
| #ifdef HAVE_STDLIB_H
| # include <stdlib.h>
| #endif
| #ifdef HAVE_STRING_H
| # include <string.h>
| #endif
| #ifdef HAVE_INTTYPES_H
| # include <inttypes.h>
| #endif
| #ifdef HAVE_STDINT_H
| # include <stdint.h>
| #endif
| #ifdef HAVE_STRINGS_H
| # include <strings.h>
| #endif
| #ifdef HAVE_SYS_TYPES_H
| # include <sys/types.h>
| #endif
| #ifdef HAVE_SYS_STAT_H
| # include <sys/stat.h>
| #endif
| #ifdef HAVE_UNISTD_H
| # include <unistd.h>
| #endif
| int
| main (void)
| {
| if (sizeof ((ssize_t)))
| 	    return 0;
|   ;
|   return 0;
| }
configure:24483: result: yes
configure:24489: checking for u64
configure:24489: gcc -c -g -O2 -I/opt/homebrew/opt/llvm/include conftest.c >&5
conftest.c:61:13: error: use of undeclared identifier 'u64'
   61 | if (sizeof (u64))
      |             ^~~
1 error generated.
configure:24489: $? = 1
configure: failed program was:
| /* confdefs.h */
| #define PACKAGE_NAME "libvmdk"
| #define PACKAGE_TARNAME "libvmdk"
| #define PACKAGE_VERSION "20260714"
| #define PACKAGE_STRING "libvmdk 20260714"
| #define PACKAGE_BUGREPORT "https://github.com/libyal/libvmdk/issues"
| #define PACKAGE_URL ""
| #define PACKAGE "libvmdk"
| #define VERSION "20260714"
| #define HAVE_STDIO_H 1
| #define HAVE_STDLIB_H 1
| #define HAVE_STRING_H 1
| #define HAVE_INTTYPES_H 1
| #define HAVE_STDINT_H 1
| #define HAVE_STRINGS_H 1
| #define HAVE_SYS_STAT_H 1
| #define HAVE_SYS_TYPES_H 1
| #define HAVE_UNISTD_H 1
| #define STDC_HEADERS 1
| #define HAVE_DLFCN_H 1
| #define LT_OBJDIR ".libs/"
| #define HAVE_CFPREFERENCESCOPYAPPVALUE 1
| #define HAVE_CFLOCALECOPYPREFERREDLANGUAGES 1
| #define HAVE_ICONV 1
| #define HAVE_SYS_TYPES_H 1
| #define HAVE_INTTYPES_H 1
| #define HAVE_STDINT_H 1
| #define HAVE_WCHAR_H 1
| /* end confdefs.h.  */
| #include <stddef.h>
| #ifdef HAVE_STDIO_H
| # include <stdio.h>
| #endif
| #ifdef HAVE_STDLIB_H
| # include <stdlib.h>
| #endif
| #ifdef HAVE_STRING_H
| # include <string.h>
| #endif
| #ifdef HAVE_INTTYPES_H
| # include <inttypes.h>
| #endif
| #ifdef HAVE_STDINT_H
| # include <stdint.h>
| #endif
| #ifdef HAVE_STRINGS_H
| # include <strings.h>
| #endif
| #ifdef HAVE_SYS_TYPES_H
| # include <sys/types.h>
| #endif
| #ifdef HAVE_SYS_STAT_H
| # include <sys/stat.h>
| #endif
| #ifdef HAVE_UNISTD_H
| # include <unistd.h>
| #endif
| int
| main (void)
| {
| if (sizeof (u64))
| 	 return 0;
|   ;
|   return 0;
| }
configure:24489: result: no
configure:24500: checking size of int
configure:24506: gcc -o conftest -g -O2 -I/opt/homebrew/opt/llvm/include -L/opt/homebrew/opt/llvm/lib/c++ -L/opt/homebrew/opt/llvm/lib/unwind -lunwind conftest.c  >&5
configure:24506: $? = 0
configure:24506: ./conftest
configure:24506: $? = 0
configure:24523: result: 4
configure:24535: checking size of long
configure:24541: gcc -o conftest -g -O2 -I/opt/homebrew/opt/llvm/include -L/opt/homebrew/opt/llvm/lib/c++ -L/opt/homebrew/opt/llvm/lib/unwind -lunwind conftest.c  >&5
configure:24541: $? = 0
configure:24541: ./conftest
configure:24541: $? = 0
configure:24558: result: 8
configure:24570: checking size of off_t
configure:24576: gcc -o conftest -g -O2 -I/opt/homebrew/opt/llvm/include -L/opt/homebrew/opt/llvm/lib/c++ -L/opt/homebrew/opt/llvm/lib/unwind -lunwind conftest.c  >&5
configure:24576: $? = 0
configure:24576: ./conftest
configure:24576: $? = 0
configure:24593: result: 8
configure:24605: checking size of size_t
configure:24611: gcc -o conftest -g -O2 -I/opt/homebrew/opt/llvm/include -L/opt/homebrew/opt/llvm/lib/c++ -L/opt/homebrew/opt/llvm/lib/unwind -lunwind conftest.c  >&5
configure:24611: $? = 0
configure:24611: ./conftest
configure:24611: $? = 0
configure:24628: result: 8
configure:24643: checking size of wchar_t
configure:24649: gcc -o conftest -g -O2 -I/opt/homebrew/opt/llvm/include -L/opt/homebrew/opt/llvm/lib/c++ -L/opt/homebrew/opt/llvm/lib/unwind -lunwind conftest.c  >&5
configure:24649: $? = 0
configure:24649: ./conftest
configure:24649: $? = 0
configure:24666: result: 4
configure:24677: checking for gcc options needed to detect all undeclared functions
configure:24699: gcc -c -g -O2  -I/opt/homebrew/opt/llvm/include conftest.c >&5
conftest.c:39:8: error: call to undeclared library function 'strchr' with type 'char *(const char *, int)'; ISO C99 and later do not support implicit function declarations [-Wimplicit-function-declaration]
   39 | (void) strchr;
      |        ^
conftest.c:39:8: note: include the header <string.h> or explicitly provide a declaration for 'strchr'
1 error generated.
configure:24699: $? = 1
configure: failed program was:
| /* confdefs.h */
| #define PACKAGE_NAME "libvmdk"
| #define PACKAGE_TARNAME "libvmdk"
| #define PACKAGE_VERSION "20260714"
| #define PACKAGE_STRING "libvmdk 20260714"
| #define PACKAGE_BUGREPORT "https://github.com/libyal/libvmdk/issues"
| #define PACKAGE_URL ""
| #define PACKAGE "libvmdk"
| #define VERSION "20260714"
| #define HAVE_STDIO_H 1
| #define HAVE_STDLIB_H 1
| #define HAVE_STRING_H 1
| #define HAVE_INTTYPES_H 1
| #define HAVE_STDINT_H 1
| #define HAVE_STRINGS_H 1
| #define HAVE_SYS_STAT_H 1
| #define HAVE_SYS_TYPES_H 1
| #define HAVE_UNISTD_H 1
| #define STDC_HEADERS 1
| #define HAVE_DLFCN_H 1
| #define LT_OBJDIR ".libs/"
| #define HAVE_CFPREFERENCESCOPYAPPVALUE 1
| #define HAVE_CFLOCALECOPYPREFERREDLANGUAGES 1
| #define HAVE_ICONV 1
| #define HAVE_SYS_TYPES_H 1
| #define HAVE_INTTYPES_H 1
| #define HAVE_STDINT_H 1
| #define HAVE_WCHAR_H 1
| #define SIZEOF_INT 4
| #define SIZEOF_LONG 8
| #define SIZEOF_OFF_T 8
| #define SIZEOF_SIZE_T 8
| #define SIZEOF_WCHAR_T 4
| /* end confdefs.h.  */
| 
| int
| main (void)
| {
| (void) strchr;
|   ;
|   return 0;
| }
configure:24726: gcc -c -g -O2  -I/opt/homebrew/opt/llvm/include conftest.c >&5
configure:24726: $? = 0
configure:24746: result: none needed
configure:24783: checking for libintl.h
configure:24783: gcc -c -g -O2 -I/opt/homebrew/opt/llvm/include conftest.c >&5
conftest.c:63:10: fatal error: 'libintl.h' file not found
   63 | #include <libintl.h>
      |          ^~~~~~~~~~~
1 error generated.
configure:24783: $? = 1
configure: failed program was:
| /* confdefs.h */
| #define PACKAGE_NAME "libvmdk"
| #define PACKAGE_TARNAME "libvmdk"
| #define PACKAGE_VERSION "20260714"
| #define PACKAGE_STRING "libvmdk 20260714"
| #define PACKAGE_BUGREPORT "https://github.com/libyal/libvmdk/issues"
| #define PACKAGE_URL ""
| #define PACKAGE "libvmdk"
| #define VERSION "20260714"
| #define HAVE_STDIO_H 1
| #define HAVE_STDLIB_H 1
| #define HAVE_STRING_H 1
| #define HAVE_INTTYPES_H 1
| #define HAVE_STDINT_H 1
| #define HAVE_STRINGS_H 1
| #define HAVE_SYS_STAT_H 1
| #define HAVE_SYS_TYPES_H 1
| #define HAVE_UNISTD_H 1
| #define STDC_HEADERS 1
| #define HAVE_DLFCN_H 1
| #define LT_OBJDIR ".libs/"
| #define HAVE_CFPREFERENCESCOPYAPPVALUE 1
| #define HAVE_CFLOCALECOPYPREFERREDLANGUAGES 1
| #define HAVE_ICONV 1
| #define HAVE_SYS_TYPES_H 1
| #define HAVE_INTTYPES_H 1
| #define HAVE_STDINT_H 1
| #define HAVE_WCHAR_H 1
| #define SIZEOF_INT 4
| #define SIZEOF_LONG 8
| #define SIZEOF_OFF_T 8
| #define SIZEOF_SIZE_T 8
| #define SIZEOF_WCHAR_T 4
| /* end confdefs.h.  */
| #include <stddef.h>
| #ifdef HAVE_STDIO_H
| # include <stdio.h>
| #endif
| #ifdef HAVE_STDLIB_H
| # include <stdlib.h>
| #endif
| #ifdef HAVE_STRING_H
| # include <string.h>
| #endif
| #ifdef HAVE_INTTYPES_H
| # include <inttypes.h>
| #endif
| #ifdef HAVE_STDINT_H
| # include <stdint.h>
| #endif
| #ifdef HAVE_STRINGS_H
| # include <strings.h>
| #endif
| #ifdef HAVE_SYS_TYPES_H
| # include <sys/types.h>
| #endif
| #ifdef HAVE_SYS_STAT_H
| # include <sys/stat.h>
| #endif
| #ifdef HAVE_UNISTD_H
| # include <unistd.h>
| #endif
| #include <libintl.h>
configure:24783: result: no
configure:24793: checking for limits.h
configure:24793: gcc -c -g -O2 -I/opt/homebrew/opt/llvm/include conftest.c >&5
configure:24793: $? = 0
configure:24793: result: yes
configure:24801: checking for stdlib.h
configure:24801: result: yes
configure:24807: checking for string.h
configure:24807: result: yes
configure:24815: checking for wchar.h
configure:24815: result: yes
configure:24821: checking for wctype.h
configure:24821: gcc -c -g -O2 -I/opt/homebrew/opt/llvm/include conftest.c >&5
configure:24821: $? = 0
configure:24821: result: yes
configure:24829: checking for fclose
configure:24829: gcc -o conftest -g -O2 -I/opt/homebrew/opt/llvm/include -L/opt/homebrew/opt/llvm/lib/c++ -L/opt/homebrew/opt/llvm/lib/unwind -lunwind conftest.c  >&5
configure:24829: $? = 0
configure:24829: result: yes
configure:24835: checking for feof
configure:24835: gcc -o conftest -g -O2 -I/opt/homebrew/opt/llvm/include -L/opt/homebrew/opt/llvm/lib/c++ -L/opt/homebrew/opt/llvm/lib/unwind -lunwind conftest.c  >&5
configure:24835: $? = 0
configure:24835: result: yes
configure:24841: checking for fgets
configure:24841: gcc -o conftest -g -O2 -I/opt/homebrew/opt/llvm/include -L/opt/homebrew/opt/llvm/lib/c++ -L/opt/homebrew/opt/llvm/lib/unwind -lunwind conftest.c  >&5
configure:24841: $? = 0
configure:24841: result: yes
configure:24847: checking for fgetws
configure:24847: gcc -o conftest -g -O2 -I/opt/homebrew/opt/llvm/include -L/opt/homebrew/opt/llvm/lib/c++ -L/opt/homebrew/opt/llvm/lib/unwind -lunwind conftest.c  >&5
configure:24847: $? = 0
configure:24847: result: yes
configure:24853: checking for fopen
configure:24853: gcc -o conftest -g -O2 -I/opt/homebrew/opt/llvm/include -L/opt/homebrew/opt/llvm/lib/c++ -L/opt/homebrew/opt/llvm/lib/unwind -lunwind conftest.c  >&5
conftest.c:60:6: warning: declaration of built-in function 'fopen' requires inclusion of the header <stdio.h> [-Wbuiltin-requires-header]
   60 | char fopen (void);
      |      ^
1 warning generated.
configure:24853: $? = 0
configure:24853: result: yes
configure:24859: checking for fread
configure:24859: gcc -o conftest -g -O2 -I/opt/homebrew/opt/llvm/include -L/opt/homebrew/opt/llvm/lib/c++ -L/opt/homebrew/opt/llvm/lib/unwind -lunwind conftest.c  >&5
conftest.c:61:6: warning: declaration of built-in function 'fread' requires inclusion of the header <stdio.h> [-Wbuiltin-requires-header]
   61 | char fread (void);
      |      ^
1 warning generated.
configure:24859: $? = 0
configure:24859: result: yes
configure:24865: checking for fseeko
configure:24865: gcc -o conftest -g -O2 -I/opt/homebrew/opt/llvm/include -L/opt/homebrew/opt/llvm/lib/c++ -L/opt/homebrew/opt/llvm/lib/unwind -lunwind conftest.c  >&5
configure:24865: $? = 0
configure:24865: result: yes
configure:24871: checking for fseeko64
configure:24871: gcc -o conftest -g -O2 -I/opt/homebrew/opt/llvm/include -L/opt/homebrew/opt/llvm/lib/c++ -L/opt/homebrew/opt/llvm/lib/unwind -lunwind conftest.c  >&5
Undefined symbols for architecture arm64:
  "_fseeko64", referenced from:
      _main in conftest-2a8cf2.o
ld: symbol(s) not found for architecture arm64
clang: error: linker command failed with exit code 1 (use -v to see invocation)
configure:24871: $? = 1
configure: failed program was:
| /* confdefs.h */
| #define PACKAGE_NAME "libvmdk"
| #define PACKAGE_TARNAME "libvmdk"
| #define PACKAGE_VERSION "20260714"
| #define PACKAGE_STRING "libvmdk 20260714"
| #define PACKAGE_BUGREPORT "https://github.com/libyal/libvmdk/issues"
| #define PACKAGE_URL ""
| #define PACKAGE "libvmdk"
| #define VERSION "20260714"
| #define HAVE_STDIO_H 1
| #define HAVE_STDLIB_H 1
| #define HAVE_STRING_H 1
| #define HAVE_INTTYPES_H 1
| #define HAVE_STDINT_H 1
| #define HAVE_STRINGS_H 1
| #define HAVE_SYS_STAT_H 1
| #define HAVE_SYS_TYPES_H 1
| #define HAVE_UNISTD_H 1
| #define STDC_HEADERS 1
| #define HAVE_DLFCN_H 1
| #define LT_OBJDIR ".libs/"
| #define HAVE_CFPREFERENCESCOPYAPPVALUE 1
| #define HAVE_CFLOCALECOPYPREFERREDLANGUAGES 1
| #define HAVE_ICONV 1
| #define HAVE_SYS_TYPES_H 1
| #define HAVE_INTTYPES_H 1
| #define HAVE_STDINT_H 1
| #define HAVE_WCHAR_H 1
| #define SIZEOF_INT 4
| #define SIZEOF_LONG 8
| #define SIZEOF_OFF_T 8
| #define SIZEOF_SIZE_T 8
| #define SIZEOF_WCHAR_T 4
| #define HAVE_LIMITS_H 1
| #define HAVE_STDLIB_H 1
| #define HAVE_STRING_H 1
| #define HAVE_WCHAR_H 1
| #define HAVE_WCTYPE_H 1
| #define HAVE_FCLOSE 1
| #define HAVE_FEOF 1
| #define HAVE_FGETS 1
| #define HAVE_FGETWS 1
| #define HAVE_FOPEN 1
| #define HAVE_FREAD 1
| #define HAVE_FSEEKO 1
| /* end confdefs.h.  */
| /* Define fseeko64 to an innocuous variant, in case <limits.h> declares fseeko64.
|    For example, HP-UX 11i <limits.h> declares gettimeofday.  */
| #define fseeko64 innocuous_fseeko64
| 
| /* System header to define __stub macros and hopefully few prototypes,
|    which can conflict with char fseeko64 (void); below.  */
| 
| #include <limits.h>
| #undef fseeko64
| 
| /* Override any GCC internal prototype to avoid an error.
|    Use char because int might match the return type of a GCC
|    builtin and then its argument prototype would still apply.  */
| #ifdef __cplusplus
| extern "C"
| #endif
| char fseeko64 (void);
| /* The GNU C library defines this for functions which it implements
|     to always fail with ENOSYS.  Some functions are actually named
|     something starting with __ and the normal name is an alias.  */
| #if defined __stub_fseeko64 || defined __stub___fseeko64
| choke me
| #endif
| 
| int
| main (void)
| {
| return fseeko64 ();
|   ;
|   return 0;
| }
configure:24871: result: no
configure:24877: checking for fwrite
configure:24877: gcc -o conftest -g -O2 -I/opt/homebrew/opt/llvm/include -L/opt/homebrew/opt/llvm/lib/c++ -L/opt/homebrew/opt/llvm/lib/unwind -lunwind conftest.c  >&5
conftest.c:63:6: warning: declaration of built-in function 'fwrite' requires inclusion of the header <stdio.h> [-Wbuiltin-requires-header]
   63 | char fwrite (void);
      |      ^
1 warning generated.
configure:24877: $? = 0
configure:24877: result: yes
configure:24883: checking for vfprintf
configure:24883: gcc -o conftest -g -O2 -I/opt/homebrew/opt/llvm/include -L/opt/homebrew/opt/llvm/lib/c++ -L/opt/homebrew/opt/llvm/lib/unwind -lunwind conftest.c  >&5
conftest.c:64:6: warning: declaration of built-in function 'vfprintf' requires inclusion of the header <stdio.h> [-Wbuiltin-requires-header]
   64 | char vfprintf (void);
      |      ^
1 warning generated.
configure:24883: $? = 0
configure:24883: result: yes
configure:24976: checking for free
configure:24976: gcc -o conftest -g -O2 -I/opt/homebrew/opt/llvm/include -L/opt/homebrew/opt/llvm/lib/c++ -L/opt/homebrew/opt/llvm/lib/unwind -lunwind conftest.c  >&5
conftest.c:65:6: warning: incompatible redeclaration of library function 'free' [-Wincompatible-library-redeclaration]
   65 | char free (void);
      |      ^
conftest.c:65:6: note: 'free' is a builtin with type 'void (void *)'
1 warning generated.
configure:24976: $? = 0
configure:24976: result: yes
configure:24982: checking for malloc
configure:24982: gcc -o conftest -g -O2 -I/opt/homebrew/opt/llvm/include -L/opt/homebrew/opt/llvm/lib/c++ -L/opt/homebrew/opt/llvm/lib/unwind -lunwind conftest.c  >&5
conftest.c:66:6: warning: incompatible redeclaration of library function 'malloc' [-Wincompatible-library-redeclaration]
   66 | char malloc (void);
      |      ^
conftest.c:66:6: note: 'malloc' is a builtin with type 'void *(unsigned long)'
1 warning generated.
configure:24982: $? = 0
configure:24982: result: yes
configure:24988: checking for memcmp
configure:24988: gcc -o conftest -g -O2 -I/opt/homebrew/opt/llvm/include -L/opt/homebrew/opt/llvm/lib/c++ -L/opt/homebrew/opt/llvm/lib/unwind -lunwind conftest.c  >&5
conftest.c:67:6: warning: incompatible redeclaration of library function 'memcmp' [-Wincompatible-library-redeclaration]
   67 | char memcmp (void);
      |      ^
conftest.c:67:6: note: 'memcmp' is a builtin with type 'int (const void *, const void *, unsigned long)'
1 warning generated.
configure:24988: $? = 0
configure:24988: result: yes
configure:24994: checking for memcpy
configure:24994: gcc -o conftest -g -O2 -I/opt/homebrew/opt/llvm/include -L/opt/homebrew/opt/llvm/lib/c++ -L/opt/homebrew/opt/llvm/lib/unwind -lunwind conftest.c  >&5
conftest.c:68:6: warning: incompatible redeclaration of library function 'memcpy' [-Wincompatible-library-redeclaration]
   68 | char memcpy (void);
      |      ^
conftest.c:68:6: note: 'memcpy' is a builtin with type 'void *(void *, const void *, unsigned long)'
1 warning generated.
configure:24994: $? = 0
configure:24994: result: yes
configure:25000: checking for memset
configure:25000: gcc -o conftest -g -O2 -I/opt/homebrew/opt/llvm/include -L/opt/homebrew/opt/llvm/lib/c++ -L/opt/homebrew/opt/llvm/lib/unwind -lunwind conftest.c  >&5
conftest.c:69:6: warning: incompatible redeclaration of library function 'memset' [-Wincompatible-library-redeclaration]
   69 | char memset (void);
      |      ^
conftest.c:69:6: note: 'memset' is a builtin with type 'void *(void *, int, unsigned long)'
1 warning generated.
configure:25000: $? = 0
configure:25000: result: yes
configure:25006: checking for realloc
configure:25006: gcc -o conftest -g -O2 -I/opt/homebrew/opt/llvm/include -L/opt/homebrew/opt/llvm/lib/c++ -L/opt/homebrew/opt/llvm/lib/unwind -lunwind conftest.c  >&5
conftest.c:70:6: warning: incompatible redeclaration of library function 'realloc' [-Wincompatible-library-redeclaration]
   70 | char realloc (void);
      |      ^
conftest.c:70:6: note: 'realloc' is a builtin with type 'void *(void *, unsigned long)'
1 warning generated.
configure:25006: $? = 0
configure:25006: result: yes
configure:25068: checking for memchr
configure:25068: gcc -o conftest -g -O2 -I/opt/homebrew/opt/llvm/include -L/opt/homebrew/opt/llvm/lib/c++ -L/opt/homebrew/opt/llvm/lib/unwind -lunwind conftest.c  >&5
conftest.c:71:6: warning: incompatible redeclaration of library function 'memchr' [-Wincompatible-library-redeclaration]
   71 | char memchr (void);
      |      ^
conftest.c:71:6: note: 'memchr' is a builtin with type 'void *(const void *, int, unsigned long)'
1 warning generated.
configure:25068: $? = 0
configure:25068: result: yes
configure:25074: checking for memrchr
configure:25074: gcc -o conftest -g -O2 -I/opt/homebrew/opt/llvm/include -L/opt/homebrew/opt/llvm/lib/c++ -L/opt/homebrew/opt/llvm/lib/unwind -lunwind conftest.c  >&5
Undefined symbols for architecture arm64:
  "_memrchr", referenced from:
      _main in conftest-06ea49.o
ld: symbol(s) not found for architecture arm64
clang: error: linker command failed with exit code 1 (use -v to see invocation)
configure:25074: $? = 1
configure: failed program was:
| /* confdefs.h */
| #define PACKAGE_NAME "libvmdk"
| #define PACKAGE_TARNAME "libvmdk"
| #define PACKAGE_VERSION "20260714"
| #define PACKAGE_STRING "libvmdk 20260714"
| #define PACKAGE_BUGREPORT "https://github.com/libyal/libvmdk/issues"
| #define PACKAGE_URL ""
| #define PACKAGE "libvmdk"
| #define VERSION "20260714"
| #define HAVE_STDIO_H 1
| #define HAVE_STDLIB_H 1
| #define HAVE_STRING_H 1
| #define HAVE_INTTYPES_H 1
| #define HAVE_STDINT_H 1
| #define HAVE_STRINGS_H 1
| #define HAVE_SYS_STAT_H 1
| #define HAVE_SYS_TYPES_H 1
| #define HAVE_UNISTD_H 1
| #define STDC_HEADERS 1
| #define HAVE_DLFCN_H 1
| #define LT_OBJDIR ".libs/"
| #define HAVE_CFPREFERENCESCOPYAPPVALUE 1
| #define HAVE_CFLOCALECOPYPREFERREDLANGUAGES 1
| #define HAVE_ICONV 1
| #define HAVE_SYS_TYPES_H 1
| #define HAVE_INTTYPES_H 1
| #define HAVE_STDINT_H 1
| #define HAVE_WCHAR_H 1
| #define SIZEOF_INT 4
| #define SIZEOF_LONG 8
| #define SIZEOF_OFF_T 8
| #define SIZEOF_SIZE_T 8
| #define SIZEOF_WCHAR_T 4
| #define HAVE_LIMITS_H 1
| #define HAVE_STDLIB_H 1
| #define HAVE_STRING_H 1
| #define HAVE_WCHAR_H 1
| #define HAVE_WCTYPE_H 1
| #define HAVE_FCLOSE 1
| #define HAVE_FEOF 1
| #define HAVE_FGETS 1
| #define HAVE_FGETWS 1
| #define HAVE_FOPEN 1
| #define HAVE_FREAD 1
| #define HAVE_FSEEKO 1
| #define HAVE_FWRITE 1
| #define HAVE_VFPRINTF 1
| #define HAVE_FREE 1
| #define HAVE_MALLOC 1
| #define HAVE_MEMCMP 1
| #define HAVE_MEMCPY 1
| #define HAVE_MEMSET 1
| #define HAVE_REALLOC 1
| #define HAVE_MEMCHR 1
| /* end confdefs.h.  */
| /* Define memrchr to an innocuous variant, in case <limits.h> declares memrchr.
|    For example, HP-UX 11i <limits.h> declares gettimeofday.  */
| #define memrchr innocuous_memrchr
| 
| /* System header to define __stub macros and hopefully few prototypes,
|    which can conflict with char memrchr (void); below.  */
| 
| #include <limits.h>
| #undef memrchr
| 
| /* Override any GCC internal prototype to avoid an error.
|    Use char because int might match the return type of a GCC
|    builtin and then its argument prototype would still apply.  */
| #ifdef __cplusplus
| extern "C"
| #endif
| char memrchr (void);
| /* The GNU C library defines this for functions which it implements
|     to always fail with ENOSYS.  Some functions are actually named
|     something starting with __ and the normal name is an alias.  */
| #if defined __stub_memrchr || defined __stub___memrchr
| choke me
| #endif
| 
| int
| main (void)
| {
| return memrchr ();
|   ;
|   return 0;
| }
configure:25074: result: no
configure:25080: checking for snprintf
configure:25080: gcc -o conftest -g -O2 -I/opt/homebrew/opt/llvm/include -L/opt/homebrew/opt/llvm/lib/c++ -L/opt/homebrew/opt/llvm/lib/unwind -lunwind conftest.c  >&5
conftest.c:72:6: warning: incompatible redeclaration of library function 'snprintf' [-Wincompatible-library-redeclaration]
   72 | char snprintf (void);
      |      ^
conftest.c:72:6: note: 'snprintf' is a builtin with type 'int (char *restrict, unsigned long, const char *restrict, ...)'
1 warning generated.
configure:25080: $? = 0
configure:25080: result: yes
configure:25086: checking for sscanf
configure:25086: gcc -o conftest -g -O2 -I/opt/homebrew/opt/llvm/include -L/opt/homebrew/opt/llvm/lib/c++ -L/opt/homebrew/opt/llvm/lib/unwind -lunwind conftest.c  >&5
conftest.c:73:6: warning: incompatible redeclaration of library function 'sscanf' [-Wincompatible-library-redeclaration]
   73 | char sscanf (void);
      |      ^
conftest.c:73:6: note: 'sscanf' is a builtin with type 'int (const char *restrict, const char *restrict, ...)'
1 warning generated.
configure:25086: $? = 0
configure:25086: result: yes
configure:25092: checking for strcasecmp
configure:25092: gcc -o conftest -g -O2 -I/opt/homebrew/opt/llvm/include -L/opt/homebrew/opt/llvm/lib/c++ -L/opt/homebrew/opt/llvm/lib/unwind -lunwind conftest.c  >&5
conftest.c:74:6: warning: incompatible redeclaration of library function 'strcasecmp' [-Wincompatible-library-redeclaration]
   74 | char strcasecmp (void);
      |      ^
conftest.c:74:6: note: 'strcasecmp' is a builtin with type 'int (const char *, const char *)'
1 warning generated.
configure:25092: $? = 0
configure:25092: result: yes
configure:25098: checking for strchr
configure:25098: gcc -o conftest -g -O2 -I/opt/homebrew/opt/llvm/include -L/opt/homebrew/opt/llvm/lib/c++ -L/opt/homebrew/opt/llvm/lib/unwind -lunwind conftest.c  >&5
conftest.c:75:6: warning: incompatible redeclaration of library function 'strchr' [-Wincompatible-library-redeclaration]
   75 | char strchr (void);
      |      ^
conftest.c:75:6: note: 'strchr' is a builtin with type 'char *(const char *, int)'
1 warning generated.
configure:25098: $? = 0
configure:25098: result: yes
configure:25104: checking for strlen
configure:25104: gcc -o conftest -g -O2 -I/opt/homebrew/opt/llvm/include -L/opt/homebrew/opt/llvm/lib/c++ -L/opt/homebrew/opt/llvm/lib/unwind -lunwind conftest.c  >&5
conftest.c:76:6: warning: incompatible redeclaration of library function 'strlen' [-Wincompatible-library-redeclaration]
   76 | char strlen (void);
      |      ^
conftest.c:76:6: note: 'strlen' is a builtin with type 'unsigned long (const char *)'
1 warning generated.
configure:25104: $? = 0
configure:25104: result: yes
configure:25110: checking for strncasecmp
configure:25110: gcc -o conftest -g -O2 -I/opt/homebrew/opt/llvm/include -L/opt/homebrew/opt/llvm/lib/c++ -L/opt/homebrew/opt/llvm/lib/unwind -lunwind conftest.c  >&5
conftest.c:77:6: warning: incompatible redeclaration of library function 'strncasecmp' [-Wincompatible-library-redeclaration]
   77 | char strncasecmp (void);
      |      ^
conftest.c:77:6: note: 'strncasecmp' is a builtin with type 'int (const char *, const char *, unsigned long)'
1 warning generated.
configure:25110: $? = 0
configure:25110: result: yes
configure:25116: checking for strncmp
configure:25116: gcc -o conftest -g -O2 -I/opt/homebrew/opt/llvm/include -L/opt/homebrew/opt/llvm/lib/c++ -L/opt/homebrew/opt/llvm/lib/unwind -lunwind conftest.c  >&5
conftest.c:78:6: warning: incompatible redeclaration of library function 'strncmp' [-Wincompatible-library-redeclaration]
   78 | char strncmp (void);
      |      ^
conftest.c:78:6: note: 'strncmp' is a builtin with type 'int (const char *, const char *, unsigned long)'
1 warning generated.
configure:25116: $? = 0
configure:25116: result: yes
configure:25122: checking for strncpy
configure:25122: gcc -o conftest -g -O2 -I/opt/homebrew/opt/llvm/include -L/opt/homebrew/opt/llvm/lib/c++ -L/opt/homebrew/opt/llvm/lib/unwind -lunwind conftest.c  >&5
conftest.c:79:6: warning: incompatible redeclaration of library function 'strncpy' [-Wincompatible-library-redeclaration]
   79 | char strncpy (void);
      |      ^
conftest.c:79:6: note: 'strncpy' is a builtin with type 'char *(char *, const char *, unsigned long)'
1 warning generated.
configure:25122: $? = 0
configure:25122: result: yes
configure:25128: checking for strnicmp
configure:25128: gcc -o conftest -g -O2 -I/opt/homebrew/opt/llvm/include -L/opt/homebrew/opt/llvm/lib/c++ -L/opt/homebrew/opt/llvm/lib/unwind -lunwind conftest.c  >&5
Undefined symbols for architecture arm64:
  "_strnicmp", referenced from:
      _main in conftest-9d146e.o
ld: symbol(s) not found for architecture arm64
clang: error: linker command failed with exit code 1 (use -v to see invocation)
configure:25128: $? = 1
configure: failed program was:
| /* confdefs.h */
| #define PACKAGE_NAME "libvmdk"
| #define PACKAGE_TARNAME "libvmdk"
| #define PACKAGE_VERSION "20260714"
| #define PACKAGE_STRING "libvmdk 20260714"
| #define PACKAGE_BUGREPORT "https://github.com/libyal/libvmdk/issues"
| #define PACKAGE_URL ""
| #define PACKAGE "libvmdk"
| #define VERSION "20260714"
| #define HAVE_STDIO_H 1
| #define HAVE_STDLIB_H 1
| #define HAVE_STRING_H 1
| #define HAVE_INTTYPES_H 1
| #define HAVE_STDINT_H 1
| #define HAVE_STRINGS_H 1
| #define HAVE_SYS_STAT_H 1
| #define HAVE_SYS_TYPES_H 1
| #define HAVE_UNISTD_H 1
| #define STDC_HEADERS 1
| #define HAVE_DLFCN_H 1
| #define LT_OBJDIR ".libs/"
| #define HAVE_CFPREFERENCESCOPYAPPVALUE 1
| #define HAVE_CFLOCALECOPYPREFERREDLANGUAGES 1
| #define HAVE_ICONV 1
| #define HAVE_SYS_TYPES_H 1
| #define HAVE_INTTYPES_H 1
| #define HAVE_STDINT_H 1
| #define HAVE_WCHAR_H 1
| #define SIZEOF_INT 4
| #define SIZEOF_LONG 8
| #define SIZEOF_OFF_T 8
| #define SIZEOF_SIZE_T 8
| #define SIZEOF_WCHAR_T 4
| #define HAVE_LIMITS_H 1
| #define HAVE_STDLIB_H 1
| #define HAVE_STRING_H 1
| #define HAVE_WCHAR_H 1
| #define HAVE_WCTYPE_H 1
| #define HAVE_FCLOSE 1
| #define HAVE_FEOF 1
| #define HAVE_FGETS 1
| #define HAVE_FGETWS 1
| #define HAVE_FOPEN 1
| #define HAVE_FREAD 1
| #define HAVE_FSEEKO 1
| #define HAVE_FWRITE 1
| #define HAVE_VFPRINTF 1
| #define HAVE_FREE 1
| #define HAVE_MALLOC 1
| #define HAVE_MEMCMP 1
| #define HAVE_MEMCPY 1
| #define HAVE_MEMSET 1
| #define HAVE_REALLOC 1
| #define HAVE_MEMCHR 1
| #define HAVE_SNPRINTF 1
| #define HAVE_SSCANF 1
| #define HAVE_STRCASECMP 1
| #define HAVE_STRCHR 1
| #define HAVE_STRLEN 1
| #define HAVE_STRNCASECMP 1
| #define HAVE_STRNCMP 1
| #define HAVE_STRNCPY 1
| /* end confdefs.h.  */
| /* Define strnicmp to an innocuous variant, in case <limits.h> declares strnicmp.
|    For example, HP-UX 11i <limits.h> declares gettimeofday.  */
| #define strnicmp innocuous_strnicmp
| 
| /* System header to define __stub macros and hopefully few prototypes,
|    which can conflict with char strnicmp (void); below.  */
| 
| #include <limits.h>
| #undef strnicmp
| 
| /* Override any GCC internal prototype to avoid an error.
|    Use char because int might match the return type of a GCC
|    builtin and then its argument prototype would still apply.  */
| #ifdef __cplusplus
| extern "C"
| #endif
| char strnicmp (void);
| /* The GNU C library defines this for functions which it implements
|     to always fail with ENOSYS.  Some functions are actually named
|     something starting with __ and the normal name is an alias.  */
| #if defined __stub_strnicmp || defined __stub___strnicmp
| choke me
| #endif
| 
| int
| main (void)
| {
| return strnicmp ();
|   ;
|   return 0;
| }
configure:25128: result: no
configure:25134: checking for strrchr
configure:25134: gcc -o conftest -g -O2 -I/opt/homebrew/opt/llvm/include -L/opt/homebrew/opt/llvm/lib/c++ -L/opt/homebrew/opt/llvm/lib/unwind -lunwind conftest.c  >&5
conftest.c:80:6: warning: incompatible redeclaration of library function 'strrchr' [-Wincompatible-library-redeclaration]
   80 | char strrchr (void);
      |      ^
conftest.c:80:6: note: 'strrchr' is a builtin with type 'char *(const char *, int)'
1 warning generated.
configure:25134: $? = 0
configure:25134: result: yes
configure:25140: checking for strstr
configure:25140: gcc -o conftest -g -O2 -I/opt/homebrew/opt/llvm/include -L/opt/homebrew/opt/llvm/lib/c++ -L/opt/homebrew/opt/llvm/lib/unwind -lunwind conftest.c  >&5
conftest.c:81:6: warning: incompatible redeclaration of library function 'strstr' [-Wincompatible-library-redeclaration]
   81 | char strstr (void);
      |      ^
conftest.c:81:6: note: 'strstr' is a builtin with type 'char *(const char *, const char *)'
1 warning generated.
configure:25140: $? = 0
configure:25140: result: yes
configure:25146: checking for vsnprintf
configure:25146: gcc -o conftest -g -O2 -I/opt/homebrew/opt/llvm/include -L/opt/homebrew/opt/llvm/lib/c++ -L/opt/homebrew/opt/llvm/lib/unwind -lunwind conftest.c  >&5
conftest.c:82:6: warning: incompatible redeclaration of library function 'vsnprintf' [-Wincompatible-library-redeclaration]
   82 | char vsnprintf (void);
      |      ^
conftest.c:82:6: note: 'vsnprintf' is a builtin with type 'int (char *restrict, unsigned long, const char *restrict, __builtin_va_list)'
1 warning generated.
configure:25146: $? = 0
configure:25146: result: yes
configure:25264: checking for swprintf
configure:25264: gcc -o conftest -g -O2 -I/opt/homebrew/opt/llvm/include -L/opt/homebrew/opt/llvm/lib/c++ -L/opt/homebrew/opt/llvm/lib/unwind -lunwind conftest.c  >&5
configure:25264: $? = 0
configure:25264: result: yes
configure:25270: checking for towlower
configure:25270: gcc -o conftest -g -O2 -I/opt/homebrew/opt/llvm/include -L/opt/homebrew/opt/llvm/lib/c++ -L/opt/homebrew/opt/llvm/lib/unwind -lunwind conftest.c  >&5
configure:25270: $? = 0
configure:25270: result: yes
configure:25276: checking for wcscasecmp
configure:25276: gcc -o conftest -g -O2 -I/opt/homebrew/opt/llvm/include -L/opt/homebrew/opt/llvm/lib/c++ -L/opt/homebrew/opt/llvm/lib/unwind -lunwind conftest.c  >&5
configure:25276: $? = 0
configure:25276: result: yes
configure:25282: checking for wcschr
configure:25282: gcc -o conftest -g -O2 -I/opt/homebrew/opt/llvm/include -L/opt/homebrew/opt/llvm/lib/c++ -L/opt/homebrew/opt/llvm/lib/unwind -lunwind conftest.c  >&5
conftest.c:86:6: warning: incompatible redeclaration of library function 'wcschr' [-Wincompatible-library-redeclaration]
   86 | char wcschr (void);
      |      ^
conftest.c:86:6: note: 'wcschr' is a builtin with type 'int *(const int *, int)'
1 warning generated.
configure:25282: $? = 0
configure:25282: result: yes
configure:25288: checking for wcslen
configure:25288: gcc -o conftest -g -O2 -I/opt/homebrew/opt/llvm/include -L/opt/homebrew/opt/llvm/lib/c++ -L/opt/homebrew/opt/llvm/lib/unwind -lunwind conftest.c  >&5
conftest.c:87:6: warning: incompatible redeclaration of library function 'wcslen' [-Wincompatible-library-redeclaration]
   87 | char wcslen (void);
      |      ^
conftest.c:87:6: note: 'wcslen' is a builtin with type 'unsigned long (const int *)'
1 warning generated.
configure:25288: $? = 0
configure:25288: result: yes
configure:25294: checking for wcsncasecmp
configure:25294: gcc -o conftest -g -O2 -I/opt/homebrew/opt/llvm/include -L/opt/homebrew/opt/llvm/lib/c++ -L/opt/homebrew/opt/llvm/lib/unwind -lunwind conftest.c  >&5
configure:25294: $? = 0
configure:25294: result: yes
configure:25300: checking for wcsncmp
configure:25300: gcc -o conftest -g -O2 -I/opt/homebrew/opt/llvm/include -L/opt/homebrew/opt/llvm/lib/c++ -L/opt/homebrew/opt/llvm/lib/unwind -lunwind conftest.c  >&5
conftest.c:89:6: warning: incompatible redeclaration of library function 'wcsncmp' [-Wincompatible-library-redeclaration]
   89 | char wcsncmp (void);
      |      ^
conftest.c:89:6: note: 'wcsncmp' is a builtin with type 'int (const int *, const int *, unsigned long)'
1 warning generated.
configure:25300: $? = 0
configure:25300: result: yes
configure:25306: checking for wcsncpy
configure:25306: gcc -o conftest -g -O2 -I/opt/homebrew/opt/llvm/include -L/opt/homebrew/opt/llvm/lib/c++ -L/opt/homebrew/opt/llvm/lib/unwind -lunwind conftest.c  >&5
configure:25306: $? = 0
configure:25306: result: yes
configure:25312: checking for wcsnicmp
configure:25312: gcc -o conftest -g -O2 -I/opt/homebrew/opt/llvm/include -L/opt/homebrew/opt/llvm/lib/c++ -L/opt/homebrew/opt/llvm/lib/unwind -lunwind conftest.c  >&5
Undefined symbols for architecture arm64:
  "_wcsnicmp", referenced from:
      _main in conftest-71d2a4.o
ld: symbol(s) not found for architecture arm64
clang: error: linker command failed with exit code 1 (use -v to see invocation)
configure:25312: $? = 1
configure: failed program was:
| /* confdefs.h */
| #define PACKAGE_NAME "libvmdk"
| #define PACKAGE_TARNAME "libvmdk"
| #define PACKAGE_VERSION "20260714"
| #define PACKAGE_STRING "libvmdk 20260714"
| #define PACKAGE_BUGREPORT "https://github.com/libyal/libvmdk/issues"
| #define PACKAGE_URL ""
| #define PACKAGE "libvmdk"
| #define VERSION "20260714"
| #define HAVE_STDIO_H 1
| #define HAVE_STDLIB_H 1
| #define HAVE_STRING_H 1
| #define HAVE_INTTYPES_H 1
| #define HAVE_STDINT_H 1
| #define HAVE_STRINGS_H 1
| #define HAVE_SYS_STAT_H 1
| #define HAVE_SYS_TYPES_H 1
| #define HAVE_UNISTD_H 1
| #define STDC_HEADERS 1
| #define HAVE_DLFCN_H 1
| #define LT_OBJDIR ".libs/"
| #define HAVE_CFPREFERENCESCOPYAPPVALUE 1
| #define HAVE_CFLOCALECOPYPREFERREDLANGUAGES 1
| #define HAVE_ICONV 1
| #define HAVE_SYS_TYPES_H 1
| #define HAVE_INTTYPES_H 1
| #define HAVE_STDINT_H 1
| #define HAVE_WCHAR_H 1
| #define SIZEOF_INT 4
| #define SIZEOF_LONG 8
| #define SIZEOF_OFF_T 8
| #define SIZEOF_SIZE_T 8
| #define SIZEOF_WCHAR_T 4
| #define HAVE_LIMITS_H 1
| #define HAVE_STDLIB_H 1
| #define HAVE_STRING_H 1
| #define HAVE_WCHAR_H 1
| #define HAVE_WCTYPE_H 1
| #define HAVE_FCLOSE 1
| #define HAVE_FEOF 1
| #define HAVE_FGETS 1
| #define HAVE_FGETWS 1
| #define HAVE_FOPEN 1
| #define HAVE_FREAD 1
| #define HAVE_FSEEKO 1
| #define HAVE_FWRITE 1
| #define HAVE_VFPRINTF 1
| #define HAVE_FREE 1
| #define HAVE_MALLOC 1
| #define HAVE_MEMCMP 1
| #define HAVE_MEMCPY 1
| #define HAVE_MEMSET 1
| #define HAVE_REALLOC 1
| #define HAVE_MEMCHR 1
| #define HAVE_SNPRINTF 1
| #define HAVE_SSCANF 1
| #define HAVE_STRCASECMP 1
| #define HAVE_STRCHR 1
| #define HAVE_STRLEN 1
| #define HAVE_STRNCASECMP 1
| #define HAVE_STRNCMP 1
| #define HAVE_STRNCPY 1
| #define HAVE_STRRCHR 1
| #define HAVE_STRSTR 1
| #define HAVE_VSNPRINTF 1
| #define HAVE_SWPRINTF 1
| #define HAVE_TOWLOWER 1
| #define HAVE_WCSCASECMP 1
| #define HAVE_WCSCHR 1
| #define HAVE_WCSLEN 1
| #define HAVE_WCSNCASECMP 1
| #define HAVE_WCSNCMP 1
| #define HAVE_WCSNCPY 1
| /* end confdefs.h.  */
| /* Define wcsnicmp to an innocuous variant, in case <limits.h> declares wcsnicmp.
|    For example, HP-UX 11i <limits.h> declares gettimeofday.  */
| #define wcsnicmp innocuous_wcsnicmp
| 
| /* System header to define __stub macros and hopefully few prototypes,
|    which can conflict with char wcsnicmp (void); below.  */
| 
| #include <limits.h>
| #undef wcsnicmp
| 
| /* Override any GCC internal prototype to avoid an error.
|    Use char because int might match the return type of a GCC
|    builtin and then its argument prototype would still apply.  */
| #ifdef __cplusplus
| extern "C"
| #endif
| char wcsnicmp (void);
| /* The GNU C library defines this for functions which it implements
|     to always fail with ENOSYS.  Some functions are actually named
|     something starting with __ and the normal name is an alias.  */
| #if defined __stub_wcsnicmp || defined __stub___wcsnicmp
| choke me
| #endif
| 
| int
| main (void)
| {
| return wcsnicmp ();
|   ;
|   return 0;
| }
configure:25312: result: no
configure:25318: checking for wcsrchr
configure:25318: gcc -o conftest -g -O2 -I/opt/homebrew/opt/llvm/include -L/opt/homebrew/opt/llvm/lib/c++ -L/opt/homebrew/opt/llvm/lib/unwind -lunwind conftest.c  >&5
configure:25318: $? = 0
configure:25318: result: yes
configure:25324: checking for wcsstr
configure:25324: gcc -o conftest -g -O2 -I/opt/homebrew/opt/llvm/include -L/opt/homebrew/opt/llvm/lib/c++ -L/opt/homebrew/opt/llvm/lib/unwind -lunwind conftest.c  >&5
configure:25324: $? = 0
configure:25324: result: yes
configure:25330: checking for wmemchr
configure:25330: gcc -o conftest -g -O2 -I/opt/homebrew/opt/llvm/include -L/opt/homebrew/opt/llvm/lib/c++ -L/opt/homebrew/opt/llvm/lib/unwind -lunwind conftest.c  >&5
conftest.c:93:6: warning: incompatible redeclaration of library function 'wmemchr' [-Wincompatible-library-redeclaration]
   93 | char wmemchr (void);
      |      ^
conftest.c:93:6: note: 'wmemchr' is a builtin with type 'int *(const int *, int, unsigned long)'
1 warning generated.
configure:25330: $? = 0
configure:25330: result: yes
configure:25336: checking for wmemcmp
configure:25336: gcc -o conftest -g -O2 -I/opt/homebrew/opt/llvm/include -L/opt/homebrew/opt/llvm/lib/c++ -L/opt/homebrew/opt/llvm/lib/unwind -lunwind conftest.c  >&5
conftest.c:94:6: warning: incompatible redeclaration of library function 'wmemcmp' [-Wincompatible-library-redeclaration]
   94 | char wmemcmp (void);
      |      ^
conftest.c:94:6: note: 'wmemcmp' is a builtin with type 'int (const int *, const int *, unsigned long)'
1 warning generated.
configure:25336: $? = 0
configure:25336: result: yes
configure:25342: checking for wmemcpy
configure:25342: gcc -o conftest -g -O2 -I/opt/homebrew/opt/llvm/include -L/opt/homebrew/opt/llvm/lib/c++ -L/opt/homebrew/opt/llvm/lib/unwind -lunwind conftest.c  >&5
conftest.c:95:6: warning: incompatible redeclaration of library function 'wmemcpy' [-Wincompatible-library-redeclaration]
   95 | char wmemcpy (void);
      |      ^
conftest.c:95:6: note: 'wmemcpy' is a builtin with type 'int *(int *, const int *, unsigned long)'
1 warning generated.
configure:25342: $? = 0
configure:25342: result: yes
configure:25348: checking for wmemrchr
configure:25348: gcc -o conftest -g -O2 -I/opt/homebrew/opt/llvm/include -L/opt/homebrew/opt/llvm/lib/c++ -L/opt/homebrew/opt/llvm/lib/unwind -lunwind conftest.c  >&5
Undefined symbols for architecture arm64:
  "_wmemrchr", referenced from:
      _main in conftest-7b3f5d.o
ld: symbol(s) not found for architecture arm64
clang: error: linker command failed with exit code 1 (use -v to see invocation)
configure:25348: $? = 1
configure: failed program was:
| /* confdefs.h */
| #define PACKAGE_NAME "libvmdk"
| #define PACKAGE_TARNAME "libvmdk"
| #define PACKAGE_VERSION "20260714"
| #define PACKAGE_STRING "libvmdk 20260714"
| #define PACKAGE_BUGREPORT "https://github.com/libyal/libvmdk/issues"
| #define PACKAGE_URL ""
| #define PACKAGE "libvmdk"
| #define VERSION "20260714"
| #define HAVE_STDIO_H 1
| #define HAVE_STDLIB_H 1
| #define HAVE_STRING_H 1
| #define HAVE_INTTYPES_H 1
| #define HAVE_STDINT_H 1
| #define HAVE_STRINGS_H 1
| #define HAVE_SYS_STAT_H 1
| #define HAVE_SYS_TYPES_H 1
| #define HAVE_UNISTD_H 1
| #define STDC_HEADERS 1
| #define HAVE_DLFCN_H 1
| #define LT_OBJDIR ".libs/"
| #define HAVE_CFPREFERENCESCOPYAPPVALUE 1
| #define HAVE_CFLOCALECOPYPREFERREDLANGUAGES 1
| #define HAVE_ICONV 1
| #define HAVE_SYS_TYPES_H 1
| #define HAVE_INTTYPES_H 1
| #define HAVE_STDINT_H 1
| #define HAVE_WCHAR_H 1
| #define SIZEOF_INT 4
| #define SIZEOF_LONG 8
| #define SIZEOF_OFF_T 8
| #define SIZEOF_SIZE_T 8
| #define SIZEOF_WCHAR_T 4
| #define HAVE_LIMITS_H 1
| #define HAVE_STDLIB_H 1
| #define HAVE_STRING_H 1
| #define HAVE_WCHAR_H 1
| #define HAVE_WCTYPE_H 1
| #define HAVE_FCLOSE 1
| #define HAVE_FEOF 1
| #define HAVE_FGETS 1
| #define HAVE_FGETWS 1
| #define HAVE_FOPEN 1
| #define HAVE_FREAD 1
| #define HAVE_FSEEKO 1
| #define HAVE_FWRITE 1
| #define HAVE_VFPRINTF 1
| #define HAVE_FREE 1
| #define HAVE_MALLOC 1
| #define HAVE_MEMCMP 1
| #define HAVE_MEMCPY 1
| #define HAVE_MEMSET 1
| #define HAVE_REALLOC 1
| #define HAVE_MEMCHR 1
| #define HAVE_SNPRINTF 1
| #define HAVE_SSCANF 1
| #define HAVE_STRCASECMP 1
| #define HAVE_STRCHR 1
| #define HAVE_STRLEN 1
| #define HAVE_STRNCASECMP 1
| #define HAVE_STRNCMP 1
| #define HAVE_STRNCPY 1
| #define HAVE_STRRCHR 1
| #define HAVE_STRSTR 1
| #define HAVE_VSNPRINTF 1
| #define HAVE_SWPRINTF 1
| #define HAVE_TOWLOWER 1
| #define HAVE_WCSCASECMP 1
| #define HAVE_WCSCHR 1
| #define HAVE_WCSLEN 1
| #define HAVE_WCSNCASECMP 1
| #define HAVE_WCSNCMP 1
| #define HAVE_WCSNCPY 1
| #define HAVE_WCSRCHR 1
| #define HAVE_WCSSTR 1
| #define HAVE_WMEMCHR 1
| #define HAVE_WMEMCMP 1
| #define HAVE_WMEMCPY 1
| /* end confdefs.h.  */
| /* Define wmemrchr to an innocuous variant, in case <limits.h> declares wmemrchr.
|    For example, HP-UX 11i <limits.h> declares gettimeofday.  */
| #define wmemrchr innocuous_wmemrchr
| 
| /* System header to define __stub macros and hopefully few prototypes,
|    which can conflict with char wmemrchr (void); below.  */
| 
| #include <limits.h>
| #undef wmemrchr
| 
| /* Override any GCC internal prototype to avoid an error.
|    Use char because int might match the return type of a GCC
|    builtin and then its argument prototype would still apply.  */
| #ifdef __cplusplus
| extern "C"
| #endif
| char wmemrchr (void);
| /* The GNU C library defines this for functions which it implements
|     to always fail with ENOSYS.  Some functions are actually named
|     something starting with __ and the normal name is an alias.  */
| #if defined __stub_wmemrchr || defined __stub___wmemrchr
| choke me
| #endif
| 
| int
| main (void)
| {
| return wmemrchr ();
|   ;
|   return 0;
| }
configure:25348: result: no
configure:25432: checking whether printf supports the conversion specifier "%jd"
configure:25455: gcc -o conftest -g -O2 -Wall -Werror -I/opt/homebrew/opt/llvm/include -L/opt/homebrew/opt/llvm/lib/c++ -L/opt/homebrew/opt/llvm/lib/unwind -lunwind conftest.c  >&5
conftest.c:84:12: error: more '%' conversions than data arguments [-Werror,-Wformat-insufficient-args]
   84 | printf( "%jd" );
      |          ~~^
1 error generated.
configure:25455: $? = 1
configure: failed program was:
| /* confdefs.h */
| #define PACKAGE_NAME "libvmdk"
| #define PACKAGE_TARNAME "libvmdk"
| #define PACKAGE_VERSION "20260714"
| #define PACKAGE_STRING "libvmdk 20260714"
| #define PACKAGE_BUGREPORT "https://github.com/libyal/libvmdk/issues"
| #define PACKAGE_URL ""
| #define PACKAGE "libvmdk"
| #define VERSION "20260714"
| #define HAVE_STDIO_H 1
| #define HAVE_STDLIB_H 1
| #define HAVE_STRING_H 1
| #define HAVE_INTTYPES_H 1
| #define HAVE_STDINT_H 1
| #define HAVE_STRINGS_H 1
| #define HAVE_SYS_STAT_H 1
| #define HAVE_SYS_TYPES_H 1
| #define HAVE_UNISTD_H 1
| #define STDC_HEADERS 1
| #define HAVE_DLFCN_H 1
| #define LT_OBJDIR ".libs/"
| #define HAVE_CFPREFERENCESCOPYAPPVALUE 1
| #define HAVE_CFLOCALECOPYPREFERREDLANGUAGES 1
| #define HAVE_ICONV 1
| #define HAVE_SYS_TYPES_H 1
| #define HAVE_INTTYPES_H 1
| #define HAVE_STDINT_H 1
| #define HAVE_WCHAR_H 1
| #define SIZEOF_INT 4
| #define SIZEOF_LONG 8
| #define SIZEOF_OFF_T 8
| #define SIZEOF_SIZE_T 8
| #define SIZEOF_WCHAR_T 4
| #define HAVE_LIMITS_H 1
| #define HAVE_STDLIB_H 1
| #define HAVE_STRING_H 1
| #define HAVE_WCHAR_H 1
| #define HAVE_WCTYPE_H 1
| #define HAVE_FCLOSE 1
| #define HAVE_FEOF 1
| #define HAVE_FGETS 1
| #define HAVE_FGETWS 1
| #define HAVE_FOPEN 1
| #define HAVE_FREAD 1
| #define HAVE_FSEEKO 1
| #define HAVE_FWRITE 1
| #define HAVE_VFPRINTF 1
| #define HAVE_FREE 1
| #define HAVE_MALLOC 1
| #define HAVE_MEMCMP 1
| #define HAVE_MEMCPY 1
| #define HAVE_MEMSET 1
| #define HAVE_REALLOC 1
| #define HAVE_MEMCHR 1
| #define HAVE_SNPRINTF 1
| #define HAVE_SSCANF 1
| #define HAVE_STRCASECMP 1
| #define HAVE_STRCHR 1
| #define HAVE_STRLEN 1
| #define HAVE_STRNCASECMP 1
| #define HAVE_STRNCMP 1
| #define HAVE_STRNCPY 1
| #define HAVE_STRRCHR 1
| #define HAVE_STRSTR 1
| #define HAVE_VSNPRINTF 1
| #define HAVE_SWPRINTF 1
| #define HAVE_TOWLOWER 1
| #define HAVE_WCSCASECMP 1
| #define HAVE_WCSCHR 1
| #define HAVE_WCSLEN 1
| #define HAVE_WCSNCASECMP 1
| #define HAVE_WCSNCMP 1
| #define HAVE_WCSNCPY 1
| #define HAVE_WCSRCHR 1
| #define HAVE_WCSSTR 1
| #define HAVE_WMEMCHR 1
| #define HAVE_WMEMCMP 1
| #define HAVE_WMEMCPY 1
| /* end confdefs.h.  */
| #include <stdio.h>
| int
| main (void)
| {
| printf( "%jd" );
|   ;
|   return 0;
| }
configure:25479: gcc -o conftest -g -O2 -Wall -Werror -I/opt/homebrew/opt/llvm/include -L/opt/homebrew/opt/llvm/lib/c++ -L/opt/homebrew/opt/llvm/lib/unwind -lunwind conftest.c  >&5
conftest.c:85:16: error: format specifies type 'intmax_t' (aka 'long') but the argument has type 'off_t' (aka 'long long') [-Werror,-Wformat]
   85 | printf( "%jd", (off_t) 10 );
      |          ~~~   ^~~~~~~~~~
      |          %lld
1 error generated.
configure:25479: $? = 1
configure: failed program was:
| /* confdefs.h */
| #define PACKAGE_NAME "libvmdk"
| #define PACKAGE_TARNAME "libvmdk"
| #define PACKAGE_VERSION "20260714"
| #define PACKAGE_STRING "libvmdk 20260714"
| #define PACKAGE_BUGREPORT "https://github.com/libyal/libvmdk/issues"
| #define PACKAGE_URL ""
| #define PACKAGE "libvmdk"
| #define VERSION "20260714"
| #define HAVE_STDIO_H 1
| #define HAVE_STDLIB_H 1
| #define HAVE_STRING_H 1
| #define HAVE_INTTYPES_H 1
| #define HAVE_STDINT_H 1
| #define HAVE_STRINGS_H 1
| #define HAVE_SYS_STAT_H 1
| #define HAVE_SYS_TYPES_H 1
| #define HAVE_UNISTD_H 1
| #define STDC_HEADERS 1
| #define HAVE_DLFCN_H 1
| #define LT_OBJDIR ".libs/"
| #define HAVE_CFPREFERENCESCOPYAPPVALUE 1
| #define HAVE_CFLOCALECOPYPREFERREDLANGUAGES 1
| #define HAVE_ICONV 1
| #define HAVE_SYS_TYPES_H 1
| #define HAVE_INTTYPES_H 1
| #define HAVE_STDINT_H 1
| #define HAVE_WCHAR_H 1
| #define SIZEOF_INT 4
| #define SIZEOF_LONG 8
| #define SIZEOF_OFF_T 8
| #define SIZEOF_SIZE_T 8
| #define SIZEOF_WCHAR_T 4
| #define HAVE_LIMITS_H 1
| #define HAVE_STDLIB_H 1
| #define HAVE_STRING_H 1
| #define HAVE_WCHAR_H 1
| #define HAVE_WCTYPE_H 1
| #define HAVE_FCLOSE 1
| #define HAVE_FEOF 1
| #define HAVE_FGETS 1
| #define HAVE_FGETWS 1
| #define HAVE_FOPEN 1
| #define HAVE_FREAD 1
| #define HAVE_FSEEKO 1
| #define HAVE_FWRITE 1
| #define HAVE_VFPRINTF 1
| #define HAVE_FREE 1
| #define HAVE_MALLOC 1
| #define HAVE_MEMCMP 1
| #define HAVE_MEMCPY 1
| #define HAVE_MEMSET 1
| #define HAVE_REALLOC 1
| #define HAVE_MEMCHR 1
| #define HAVE_SNPRINTF 1
| #define HAVE_SSCANF 1
| #define HAVE_STRCASECMP 1
| #define HAVE_STRCHR 1
| #define HAVE_STRLEN 1
| #define HAVE_STRNCASECMP 1
| #define HAVE_STRNCMP 1
| #define HAVE_STRNCPY 1
| #define HAVE_STRRCHR 1
| #define HAVE_STRSTR 1
| #define HAVE_VSNPRINTF 1
| #define HAVE_SWPRINTF 1
| #define HAVE_TOWLOWER 1
| #define HAVE_WCSCASECMP 1
| #define HAVE_WCSCHR 1
| #define HAVE_WCSLEN 1
| #define HAVE_WCSNCASECMP 1
| #define HAVE_WCSNCMP 1
| #define HAVE_WCSNCPY 1
| #define HAVE_WCSRCHR 1
| #define HAVE_WCSSTR 1
| #define HAVE_WMEMCHR 1
| #define HAVE_WMEMCMP 1
| #define HAVE_WMEMCPY 1
| /* end confdefs.h.  */
| #include <sys/types.h>
| #include <stdio.h>
| int
| main (void)
| {
| printf( "%jd", (off_t) 10 );
|   ;
|   return 0;
| }
configure:25542: result: no
configure:25548: checking whether printf supports the conversion specifier "%zd"
configure:25571: gcc -o conftest -g -O2 -Wall -Werror -I/opt/homebrew/opt/llvm/include -L/opt/homebrew/opt/llvm/lib/c++ -L/opt/homebrew/opt/llvm/lib/unwind -lunwind conftest.c  >&5
conftest.c:84:12: error: more '%' conversions than data arguments [-Werror,-Wformat-insufficient-args]
   84 | printf( "%zd" );
      |          ~~^
1 error generated.
configure:25571: $? = 1
configure: failed program was:
| /* confdefs.h */
| #define PACKAGE_NAME "libvmdk"
| #define PACKAGE_TARNAME "libvmdk"
| #define PACKAGE_VERSION "20260714"
| #define PACKAGE_STRING "libvmdk 20260714"
| #define PACKAGE_BUGREPORT "https://github.com/libyal/libvmdk/issues"
| #define PACKAGE_URL ""
| #define PACKAGE "libvmdk"
| #define VERSION "20260714"
| #define HAVE_STDIO_H 1
| #define HAVE_STDLIB_H 1
| #define HAVE_STRING_H 1
| #define HAVE_INTTYPES_H 1
| #define HAVE_STDINT_H 1
| #define HAVE_STRINGS_H 1
| #define HAVE_SYS_STAT_H 1
| #define HAVE_SYS_TYPES_H 1
| #define HAVE_UNISTD_H 1
| #define STDC_HEADERS 1
| #define HAVE_DLFCN_H 1
| #define LT_OBJDIR ".libs/"
| #define HAVE_CFPREFERENCESCOPYAPPVALUE 1
| #define HAVE_CFLOCALECOPYPREFERREDLANGUAGES 1
| #define HAVE_ICONV 1
| #define HAVE_SYS_TYPES_H 1
| #define HAVE_INTTYPES_H 1
| #define HAVE_STDINT_H 1
| #define HAVE_WCHAR_H 1
| #define SIZEOF_INT 4
| #define SIZEOF_LONG 8
| #define SIZEOF_OFF_T 8
| #define SIZEOF_SIZE_T 8
| #define SIZEOF_WCHAR_T 4
| #define HAVE_LIMITS_H 1
| #define HAVE_STDLIB_H 1
| #define HAVE_STRING_H 1
| #define HAVE_WCHAR_H 1
| #define HAVE_WCTYPE_H 1
| #define HAVE_FCLOSE 1
| #define HAVE_FEOF 1
| #define HAVE_FGETS 1
| #define HAVE_FGETWS 1
| #define HAVE_FOPEN 1
| #define HAVE_FREAD 1
| #define HAVE_FSEEKO 1
| #define HAVE_FWRITE 1
| #define HAVE_VFPRINTF 1
| #define HAVE_FREE 1
| #define HAVE_MALLOC 1
| #define HAVE_MEMCMP 1
| #define HAVE_MEMCPY 1
| #define HAVE_MEMSET 1
| #define HAVE_REALLOC 1
| #define HAVE_MEMCHR 1
| #define HAVE_SNPRINTF 1
| #define HAVE_SSCANF 1
| #define HAVE_STRCASECMP 1
| #define HAVE_STRCHR 1
| #define HAVE_STRLEN 1
| #define HAVE_STRNCASECMP 1
| #define HAVE_STRNCMP 1
| #define HAVE_STRNCPY 1
| #define HAVE_STRRCHR 1
| #define HAVE_STRSTR 1
| #define HAVE_VSNPRINTF 1
| #define HAVE_SWPRINTF 1
| #define HAVE_TOWLOWER 1
| #define HAVE_WCSCASECMP 1
| #define HAVE_WCSCHR 1
| #define HAVE_WCSLEN 1
| #define HAVE_WCSNCASECMP 1
| #define HAVE_WCSNCMP 1
| #define HAVE_WCSNCPY 1
| #define HAVE_WCSRCHR 1
| #define HAVE_WCSSTR 1
| #define HAVE_WMEMCHR 1
| #define HAVE_WMEMCMP 1
| #define HAVE_WMEMCPY 1
| /* end confdefs.h.  */
| #include <stdio.h>
| int
| main (void)
| {
| printf( "%zd" );
|   ;
|   return 0;
| }
configure:25595: gcc -o conftest -g -O2 -Wall -Werror -I/opt/homebrew/opt/llvm/include -L/opt/homebrew/opt/llvm/lib/c++ -L/opt/homebrew/opt/llvm/lib/unwind -lunwind conftest.c  >&5
configure:25595: $? = 0
configure:25627: gcc -o conftest -g -O2 -Wall -Werror -I/opt/homebrew/opt/llvm/include -L/opt/homebrew/opt/llvm/lib/c++ -L/opt/homebrew/opt/llvm/lib/unwind -lunwind conftest.c  >&5
configure:25627: $? = 0
configure:25627: ./conftest
configure:25627: $? = 0
configure:25652: result: yes
configure:25726: checking for pkg-config
configure:25749: found /opt/homebrew/bin/pkg-config
configure:25762: result: /opt/homebrew/bin/pkg-config
configure:25787: checking pkg-config is at least version 0.9.0
configure:25790: result: yes
configure:25801: checking whether strerror_r is declared
configure:25801: gcc -c -g -O2  -I/opt/homebrew/opt/llvm/include conftest.c >&5
configure:25801: $? = 0
configure:25801: result: yes
configure:25821: checking whether to use search for libcerror in includedir and libdir or in the specified DIR, or no if to use local version
configure:25830: result: auto-detect
configure:25858: checking for libcerror >= 20120425
configure:25865: $PKG_CONFIG --exists --print-errors "libcerror >= 20120425"
Package libcerror was not found in the pkg-config search path.
Perhaps you should add the directory containing `libcerror.pc'
to the PKG_CONFIG_PATH environment variable
Package 'libcerror' not found
configure:25868: $? = 1
configure:25882: $PKG_CONFIG --exists --print-errors "libcerror >= 20120425"
Package libcerror was not found in the pkg-config search path.
Perhaps you should add the directory containing `libcerror.pc'
to the PKG_CONFIG_PATH environment variable
Package 'libcerror' not found
configure:25885: $? = 1
configure:25899: result: no
Package 'libcerror' not found
configure:25940: checking for libcerror.h
configure:25940: gcc -c -g -O2 -I/opt/homebrew/opt/llvm/include conftest.c >&5
conftest.c:110:10: fatal error: 'libcerror.h' file not found
  110 | #include <libcerror.h>
      |          ^~~~~~~~~~~~~
1 error generated.
configure:25940: $? = 1
configure: failed program was:
| /* confdefs.h */
| #define PACKAGE_NAME "libvmdk"
| #define PACKAGE_TARNAME "libvmdk"
| #define PACKAGE_VERSION "20260714"
| #define PACKAGE_STRING "libvmdk 20260714"
| #define PACKAGE_BUGREPORT "https://github.com/libyal/libvmdk/issues"
| #define PACKAGE_URL ""
| #define PACKAGE "libvmdk"
| #define VERSION "20260714"
| #define HAVE_STDIO_H 1
| #define HAVE_STDLIB_H 1
| #define HAVE_STRING_H 1
| #define HAVE_INTTYPES_H 1
| #define HAVE_STDINT_H 1
| #define HAVE_STRINGS_H 1
| #define HAVE_SYS_STAT_H 1
| #define HAVE_SYS_TYPES_H 1
| #define HAVE_UNISTD_H 1
| #define STDC_HEADERS 1
| #define HAVE_DLFCN_H 1
| #define LT_OBJDIR ".libs/"
| #define HAVE_CFPREFERENCESCOPYAPPVALUE 1
| #define HAVE_CFLOCALECOPYPREFERREDLANGUAGES 1
| #define HAVE_ICONV 1
| #define HAVE_SYS_TYPES_H 1
| #define HAVE_INTTYPES_H 1
| #define HAVE_STDINT_H 1
| #define HAVE_WCHAR_H 1
| #define SIZEOF_INT 4
| #define SIZEOF_LONG 8
| #define SIZEOF_OFF_T 8
| #define SIZEOF_SIZE_T 8
| #define SIZEOF_WCHAR_T 4
| #define HAVE_LIMITS_H 1
| #define HAVE_STDLIB_H 1
| #define HAVE_STRING_H 1
| #define HAVE_WCHAR_H 1
| #define HAVE_WCTYPE_H 1
| #define HAVE_FCLOSE 1
| #define HAVE_FEOF 1
| #define HAVE_FGETS 1
| #define HAVE_FGETWS 1
| #define HAVE_FOPEN 1
| #define HAVE_FREAD 1
| #define HAVE_FSEEKO 1
| #define HAVE_FWRITE 1
| #define HAVE_VFPRINTF 1
| #define HAVE_FREE 1
| #define HAVE_MALLOC 1
| #define HAVE_MEMCMP 1
| #define HAVE_MEMCPY 1
| #define HAVE_MEMSET 1
| #define HAVE_REALLOC 1
| #define HAVE_MEMCHR 1
| #define HAVE_SNPRINTF 1
| #define HAVE_SSCANF 1
| #define HAVE_STRCASECMP 1
| #define HAVE_STRCHR 1
| #define HAVE_STRLEN 1
| #define HAVE_STRNCASECMP 1
| #define HAVE_STRNCMP 1
| #define HAVE_STRNCPY 1
| #define HAVE_STRRCHR 1
| #define HAVE_STRSTR 1
| #define HAVE_VSNPRINTF 1
| #define HAVE_SWPRINTF 1
| #define HAVE_TOWLOWER 1
| #define HAVE_WCSCASECMP 1
| #define HAVE_WCSCHR 1
| #define HAVE_WCSLEN 1
| #define HAVE_WCSNCASECMP 1
| #define HAVE_WCSNCMP 1
| #define HAVE_WCSNCPY 1
| #define HAVE_WCSRCHR 1
| #define HAVE_WCSSTR 1
| #define HAVE_WMEMCHR 1
| #define HAVE_WMEMCMP 1
| #define HAVE_WMEMCPY 1
| #define HAVE_PRINTF_ZD 1
| #define HAVE_DECL_STRERROR_R 1
| /* end confdefs.h.  */
| #include <stddef.h>
| #ifdef HAVE_STDIO_H
| # include <stdio.h>
| #endif
| #ifdef HAVE_STDLIB_H
| # include <stdlib.h>
| #endif
| #ifdef HAVE_STRING_H
| # include <string.h>
| #endif
| #ifdef HAVE_INTTYPES_H
| # include <inttypes.h>
| #endif
| #ifdef HAVE_STDINT_H
| # include <stdint.h>
| #endif
| #ifdef HAVE_STRINGS_H
| # include <strings.h>
| #endif
| #ifdef HAVE_SYS_TYPES_H
| # include <sys/types.h>
| #endif
| #ifdef HAVE_SYS_STAT_H
| # include <sys/stat.h>
| #endif
| #ifdef HAVE_UNISTD_H
| # include <unistd.h>
| #endif
| #include <libcerror.h>
configure:25940: result: no
configure:26457: checking for stdarg.h
configure:26457: gcc -c -g -O2 -I/opt/homebrew/opt/llvm/include conftest.c >&5
configure:26457: $? = 0
configure:26457: result: yes
configure:26463: checking for varargs.h
configure:26463: gcc -c -g -O2 -I/opt/homebrew/opt/llvm/include conftest.c >&5
In file included from conftest.c:111:
/Library/Developer/CommandLineTools/usr/lib/clang/21/include/varargs.h:14:2: error: "Please use <stdarg.h> instead of <varargs.h>"
   14 | #error "Please use <stdarg.h> instead of <varargs.h>"
      |  ^
1 error generated.
configure:26463: $? = 1
configure: failed program was:
| /* confdefs.h */
| #define PACKAGE_NAME "libvmdk"
| #define PACKAGE_TARNAME "libvmdk"
| #define PACKAGE_VERSION "20260714"
| #define PACKAGE_STRING "libvmdk 20260714"
| #define PACKAGE_BUGREPORT "https://github.com/libyal/libvmdk/issues"
| #define PACKAGE_URL ""
| #define PACKAGE "libvmdk"
| #define VERSION "20260714"
| #define HAVE_STDIO_H 1
| #define HAVE_STDLIB_H 1
| #define HAVE_STRING_H 1
| #define HAVE_INTTYPES_H 1
| #define HAVE_STDINT_H 1
| #define HAVE_STRINGS_H 1
| #define HAVE_SYS_STAT_H 1
| #define HAVE_SYS_TYPES_H 1
| #define HAVE_UNISTD_H 1
| #define STDC_HEADERS 1
| #define HAVE_DLFCN_H 1
| #define LT_OBJDIR ".libs/"
| #define HAVE_CFPREFERENCESCOPYAPPVALUE 1
| #define HAVE_CFLOCALECOPYPREFERREDLANGUAGES 1
| #define HAVE_ICONV 1
| #define HAVE_SYS_TYPES_H 1
| #define HAVE_INTTYPES_H 1
| #define HAVE_STDINT_H 1
| #define HAVE_WCHAR_H 1
| #define SIZEOF_INT 4
| #define SIZEOF_LONG 8
| #define SIZEOF_OFF_T 8
| #define SIZEOF_SIZE_T 8
| #define SIZEOF_WCHAR_T 4
| #define HAVE_LIMITS_H 1
| #define HAVE_STDLIB_H 1
| #define HAVE_STRING_H 1
| #define HAVE_WCHAR_H 1
| #define HAVE_WCTYPE_H 1
| #define HAVE_FCLOSE 1
| #define HAVE_FEOF 1
| #define HAVE_FGETS 1
| #define HAVE_FGETWS 1
| #define HAVE_FOPEN 1
| #define HAVE_FREAD 1
| #define HAVE_FSEEKO 1
| #define HAVE_FWRITE 1
| #define HAVE_VFPRINTF 1
| #define HAVE_FREE 1
| #define HAVE_MALLOC 1
| #define HAVE_MEMCMP 1
| #define HAVE_MEMCPY 1
| #define HAVE_MEMSET 1
| #define HAVE_REALLOC 1
| #define HAVE_MEMCHR 1
| #define HAVE_SNPRINTF 1
| #define HAVE_SSCANF 1
| #define HAVE_STRCASECMP 1
| #define HAVE_STRCHR 1
| #define HAVE_STRLEN 1
| #define HAVE_STRNCASECMP 1
| #define HAVE_STRNCMP 1
| #define HAVE_STRNCPY 1
| #define HAVE_STRRCHR 1
| #define HAVE_STRSTR 1
| #define HAVE_VSNPRINTF 1
| #define HAVE_SWPRINTF 1
| #define HAVE_TOWLOWER 1
| #define HAVE_WCSCASECMP 1
| #define HAVE_WCSCHR 1
| #define HAVE_WCSLEN 1
| #define HAVE_WCSNCASECMP 1
| #define HAVE_WCSNCMP 1
| #define HAVE_WCSNCPY 1
| #define HAVE_WCSRCHR 1
| #define HAVE_WCSSTR 1
| #define HAVE_WMEMCHR 1
| #define HAVE_WMEMCMP 1
| #define HAVE_WMEMCPY 1
| #define HAVE_PRINTF_ZD 1
| #define HAVE_DECL_STRERROR_R 1
| #define HAVE_STDARG_H 1
| /* end confdefs.h.  */
| #include <stddef.h>
| #ifdef HAVE_STDIO_H
| # include <stdio.h>
| #endif
| #ifdef HAVE_STDLIB_H
| # include <stdlib.h>
| #endif
| #ifdef HAVE_STRING_H
| # include <string.h>
| #endif
| #ifdef HAVE_INTTYPES_H
| # include <inttypes.h>
| #endif
| #ifdef HAVE_STDINT_H
| # include <stdint.h>
| #endif
| #ifdef HAVE_STRINGS_H
| # include <strings.h>
| #endif
| #ifdef HAVE_SYS_TYPES_H
| # include <sys/types.h>
| #endif
| #ifdef HAVE_SYS_STAT_H
| # include <sys/stat.h>
| #endif
| #ifdef HAVE_UNISTD_H
| # include <unistd.h>
| #endif
| #include <varargs.h>
configure:26463: result: no
configure:26511: checking whether strerror_r returns char *
configure:26536: gcc -c -g -O2 -I/opt/homebrew/opt/llvm/include conftest.c >&5
conftest.c:90:13: error: indirection requires pointer operand ('int' invalid)
   90 |           char x = *strerror_r (0, buf, sizeof buf);
      |                    ^~~~~~~~~~~~~~~~~~~~~~~~~~~~~~~~
conftest.c:91:10: error: incompatible integer to pointer conversion initializing 'char *' with an expression of type 'int' [-Wint-conversion]
   91 |           char *p = strerror_r (0, buf, sizeof buf);
      |                 ^   ~~~~~~~~~~~~~~~~~~~~~~~~~~~~~~~
2 errors generated.
configure:26536: $? = 1
configure: failed program was:
| /* confdefs.h */
| #define PACKAGE_NAME "libvmdk"
| #define PACKAGE_TARNAME "libvmdk"
| #define PACKAGE_VERSION "20260714"
| #define PACKAGE_STRING "libvmdk 20260714"
| #define PACKAGE_BUGREPORT "https://github.com/libyal/libvmdk/issues"
| #define PACKAGE_URL ""
| #define PACKAGE "libvmdk"
| #define VERSION "20260714"
| #define HAVE_STDIO_H 1
| #define HAVE_STDLIB_H 1
| #define HAVE_STRING_H 1
| #define HAVE_INTTYPES_H 1
| #define HAVE_STDINT_H 1
| #define HAVE_STRINGS_H 1
| #define HAVE_SYS_STAT_H 1
| #define HAVE_SYS_TYPES_H 1
| #define HAVE_UNISTD_H 1
| #define STDC_HEADERS 1
| #define HAVE_DLFCN_H 1
| #define LT_OBJDIR ".libs/"
| #define HAVE_CFPREFERENCESCOPYAPPVALUE 1
| #define HAVE_CFLOCALECOPYPREFERREDLANGUAGES 1
| #define HAVE_ICONV 1
| #define HAVE_SYS_TYPES_H 1
| #define HAVE_INTTYPES_H 1
| #define HAVE_STDINT_H 1
| #define HAVE_WCHAR_H 1
| #define SIZEOF_INT 4
| #define SIZEOF_LONG 8
| #define SIZEOF_OFF_T 8
| #define SIZEOF_SIZE_T 8
| #define SIZEOF_WCHAR_T 4
| #define HAVE_LIMITS_H 1
| #define HAVE_STDLIB_H 1
| #define HAVE_STRING_H 1
| #define HAVE_WCHAR_H 1
| #define HAVE_WCTYPE_H 1
| #define HAVE_FCLOSE 1
| #define HAVE_FEOF 1
| #define HAVE_FGETS 1
| #define HAVE_FGETWS 1
| #define HAVE_FOPEN 1
| #define HAVE_FREAD 1
| #define HAVE_FSEEKO 1
| #define HAVE_FWRITE 1
| #define HAVE_VFPRINTF 1
| #define HAVE_FREE 1
| #define HAVE_MALLOC 1
| #define HAVE_MEMCMP 1
| #define HAVE_MEMCPY 1
| #define HAVE_MEMSET 1
| #define HAVE_REALLOC 1
| #define HAVE_MEMCHR 1
| #define HAVE_SNPRINTF 1
| #define HAVE_SSCANF 1
| #define HAVE_STRCASECMP 1
| #define HAVE_STRCHR 1
| #define HAVE_STRLEN 1
| #define HAVE_STRNCASECMP 1
| #define HAVE_STRNCMP 1
| #define HAVE_STRNCPY 1
| #define HAVE_STRRCHR 1
| #define HAVE_STRSTR 1
| #define HAVE_VSNPRINTF 1
| #define HAVE_SWPRINTF 1
| #define HAVE_TOWLOWER 1
| #define HAVE_WCSCASECMP 1
| #define HAVE_WCSCHR 1
| #define HAVE_WCSLEN 1
| #define HAVE_WCSNCASECMP 1
| #define HAVE_WCSNCMP 1
| #define HAVE_WCSNCPY 1
| #define HAVE_WCSRCHR 1
| #define HAVE_WCSSTR 1
| #define HAVE_WMEMCHR 1
| #define HAVE_WMEMCMP 1
| #define HAVE_WMEMCPY 1
| #define HAVE_PRINTF_ZD 1
| #define HAVE_DECL_STRERROR_R 1
| #define HAVE_STDARG_H 1
| #define HAVE_STRERROR_R 1
| /* end confdefs.h.  */
| #include <string.h>
| int
| main (void)
| {
| 
| 	  char buf[100];
| 	  char x = *strerror_r (0, buf, sizeof buf);
| 	  char *p = strerror_r (0, buf, sizeof buf);
| 	  return !p || x;
| 
|   ;
|   return 0;
| }
configure:26546: result: no
configure:26637: checking whether to enable enable multi-threading support
configure:26646: result: yes
configure:26658: checking whether to use search for libcthreads in includedir and libdir or in the specified DIR, or no if to use local version
configure:26667: result: auto-detect
configure:26700: checking for libcthreads >= 20160404
configure:26707: $PKG_CONFIG --exists --print-errors "libcthreads >= 20160404"
Package libcthreads was not found in the pkg-config search path.
Perhaps you should add the directory containing `libcthreads.pc'
to the PKG_CONFIG_PATH environment variable
Package 'libcthreads' not found
configure:26710: $? = 1
configure:26724: $PKG_CONFIG --exists --print-errors "libcthreads >= 20160404"
Package libcthreads was not found in the pkg-config search path.
Perhaps you should add the directory containing `libcthreads.pc'
to the PKG_CONFIG_PATH environment variable
Package 'libcthreads' not found
configure:26727: $? = 1
configure:26741: result: no
Package 'libcthreads' not found
configure:26782: checking for libcthreads.h
configure:26782: gcc -c -g -O2 -I/opt/homebrew/opt/llvm/include conftest.c >&5
conftest.c:113:10: fatal error: 'libcthreads.h' file not found
  113 | #include <libcthreads.h>
      |          ^~~~~~~~~~~~~~~
1 error generated.
configure:26782: $? = 1
configure: failed program was:
| /* confdefs.h */
| #define PACKAGE_NAME "libvmdk"
| #define PACKAGE_TARNAME "libvmdk"
| #define PACKAGE_VERSION "20260714"
| #define PACKAGE_STRING "libvmdk 20260714"
| #define PACKAGE_BUGREPORT "https://github.com/libyal/libvmdk/issues"
| #define PACKAGE_URL ""
| #define PACKAGE "libvmdk"
| #define VERSION "20260714"
| #define HAVE_STDIO_H 1
| #define HAVE_STDLIB_H 1
| #define HAVE_STRING_H 1
| #define HAVE_INTTYPES_H 1
| #define HAVE_STDINT_H 1
| #define HAVE_STRINGS_H 1
| #define HAVE_SYS_STAT_H 1
| #define HAVE_SYS_TYPES_H 1
| #define HAVE_UNISTD_H 1
| #define STDC_HEADERS 1
| #define HAVE_DLFCN_H 1
| #define LT_OBJDIR ".libs/"
| #define HAVE_CFPREFERENCESCOPYAPPVALUE 1
| #define HAVE_CFLOCALECOPYPREFERREDLANGUAGES 1
| #define HAVE_ICONV 1
| #define HAVE_SYS_TYPES_H 1
| #define HAVE_INTTYPES_H 1
| #define HAVE_STDINT_H 1
| #define HAVE_WCHAR_H 1
| #define SIZEOF_INT 4
| #define SIZEOF_LONG 8
| #define SIZEOF_OFF_T 8
| #define SIZEOF_SIZE_T 8
| #define SIZEOF_WCHAR_T 4
| #define HAVE_LIMITS_H 1
| #define HAVE_STDLIB_H 1
| #define HAVE_STRING_H 1
| #define HAVE_WCHAR_H 1
| #define HAVE_WCTYPE_H 1
| #define HAVE_FCLOSE 1
| #define HAVE_FEOF 1
| #define HAVE_FGETS 1
| #define HAVE_FGETWS 1
| #define HAVE_FOPEN 1
| #define HAVE_FREAD 1
| #define HAVE_FSEEKO 1
| #define HAVE_FWRITE 1
| #define HAVE_VFPRINTF 1
| #define HAVE_FREE 1
| #define HAVE_MALLOC 1
| #define HAVE_MEMCMP 1
| #define HAVE_MEMCPY 1
| #define HAVE_MEMSET 1
| #define HAVE_REALLOC 1
| #define HAVE_MEMCHR 1
| #define HAVE_SNPRINTF 1
| #define HAVE_SSCANF 1
| #define HAVE_STRCASECMP 1
| #define HAVE_STRCHR 1
| #define HAVE_STRLEN 1
| #define HAVE_STRNCASECMP 1
| #define HAVE_STRNCMP 1
| #define HAVE_STRNCPY 1
| #define HAVE_STRRCHR 1
| #define HAVE_STRSTR 1
| #define HAVE_VSNPRINTF 1
| #define HAVE_SWPRINTF 1
| #define HAVE_TOWLOWER 1
| #define HAVE_WCSCASECMP 1
| #define HAVE_WCSCHR 1
| #define HAVE_WCSLEN 1
| #define HAVE_WCSNCASECMP 1
| #define HAVE_WCSNCMP 1
| #define HAVE_WCSNCPY 1
| #define HAVE_WCSRCHR 1
| #define HAVE_WCSSTR 1
| #define HAVE_WMEMCHR 1
| #define HAVE_WMEMCMP 1
| #define HAVE_WMEMCPY 1
| #define HAVE_PRINTF_ZD 1
| #define HAVE_DECL_STRERROR_R 1
| #define HAVE_STDARG_H 1
| #define HAVE_STRERROR_R 1
| #define HAVE_LOCAL_LIBCERROR 1
| /* end confdefs.h.  */
| #include <stddef.h>
| #ifdef HAVE_STDIO_H
| # include <stdio.h>
| #endif
| #ifdef HAVE_STDLIB_H
| # include <stdlib.h>
| #endif
| #ifdef HAVE_STRING_H
| # include <string.h>
| #endif
| #ifdef HAVE_INTTYPES_H
| # include <inttypes.h>
| #endif
| #ifdef HAVE_STDINT_H
| # include <stdint.h>
| #endif
| #ifdef HAVE_STRINGS_H
| # include <strings.h>
| #endif
| #ifdef HAVE_SYS_TYPES_H
| # include <sys/types.h>
| #endif
| #ifdef HAVE_SYS_STAT_H
| # include <sys/stat.h>
| #endif
| #ifdef HAVE_UNISTD_H
| # include <unistd.h>
| #endif
| #include <libcthreads.h>
configure:26782: result: no
configure:28696: checking whether to use search for pthread in includedir and libdir or in the specified DIR, or no if not to use pthread
configure:28705: result: auto-detect
configure:28732: checking for pthread.h
configure:28732: gcc -c -g -O2 -I/opt/homebrew/opt/llvm/include conftest.c >&5
configure:28732: $? = 0
configure:28732: result: yes
configure:28746: checking for pthread_create in -lpthread
configure:28775: gcc -o conftest -g -O2 -I/opt/homebrew/opt/llvm/include -L/opt/homebrew/opt/llvm/lib/c++ -L/opt/homebrew/opt/llvm/lib/unwind -lunwind conftest.c -lpthread   >&5
configure:28775: $? = 0
configure:28787: result: yes
configure:28797: checking for pthread_exit in -lpthread
configure:28838: result: yes
configure:28848: checking for pthread_join in -lpthread
configure:28889: result: yes
configure:28899: checking for pthread_cond_init in -lpthread
configure:28940: result: yes
configure:28950: checking for pthread_cond_destroy in -lpthread
configure:28991: result: yes
configure:29001: checking for pthread_cond_broadcast in -lpthread
configure:29042: result: yes
configure:29052: checking for pthread_cond_signal in -lpthread
configure:29093: result: yes
configure:29103: checking for pthread_cond_wait in -lpthread
configure:29144: result: yes
configure:29154: checking for pthread_mutex_init in -lpthread
configure:29195: result: yes
configure:29205: checking for pthread_mutex_destroy in -lpthread
configure:29246: result: yes
configure:29256: checking for pthread_mutex_lock in -lpthread
configure:29297: result: yes
configure:29307: checking for pthread_mutex_trylock in -lpthread
configure:29348: result: yes
configure:29358: checking for pthread_mutex_unlock in -lpthread
configure:29399: result: yes
configure:29409: checking for pthread_rwlock_init in -lpthread
configure:29450: result: yes
configure:29460: checking for pthread_rwlock_destroy in -lpthread
configure:29501: result: yes
configure:29511: checking for pthread_rwlock_rdlock in -lpthread
configure:29552: result: yes
configure:29562: checking for pthread_rwlock_wrlock in -lpthread
configure:29603: result: yes
configure:29613: checking for pthread_rwlock_unlock in -lpthread
configure:29654: result: yes
configure:29832: checking whether to use search for libcdata in includedir and libdir or in the specified DIR, or no if to use local version
configure:29841: result: auto-detect
configure:29869: checking for libcdata >= 20230108
configure:29876: $PKG_CONFIG --exists --print-errors "libcdata >= 20230108"
Package libcdata was not found in the pkg-config search path.
Perhaps you should add the directory containing `libcdata.pc'
to the PKG_CONFIG_PATH environment variable
Package 'libcdata' not found
configure:29879: $? = 1
configure:29893: $PKG_CONFIG --exists --print-errors "libcdata >= 20230108"
Package libcdata was not found in the pkg-config search path.
Perhaps you should add the directory containing `libcdata.pc'
to the PKG_CONFIG_PATH environment variable
Package 'libcdata' not found
configure:29896: $? = 1
configure:29910: result: no
Package 'libcdata' not found
configure:29951: checking for libcdata.h
configure:29951: gcc -c -g -O2 -I/opt/homebrew/opt/llvm/include conftest.c >&5
conftest.c:116:10: fatal error: 'libcdata.h' file not found
  116 | #include <libcdata.h>
      |          ^~~~~~~~~~~~
1 error generated.
configure:29951: $? = 1
configure: failed program was:
| /* confdefs.h */
| #define PACKAGE_NAME "libvmdk"
| #define PACKAGE_TARNAME "libvmdk"
| #define PACKAGE_VERSION "20260714"
| #define PACKAGE_STRING "libvmdk 20260714"
| #define PACKAGE_BUGREPORT "https://github.com/libyal/libvmdk/issues"
| #define PACKAGE_URL ""
| #define PACKAGE "libvmdk"
| #define VERSION "20260714"
| #define HAVE_STDIO_H 1
| #define HAVE_STDLIB_H 1
| #define HAVE_STRING_H 1
| #define HAVE_INTTYPES_H 1
| #define HAVE_STDINT_H 1
| #define HAVE_STRINGS_H 1
| #define HAVE_SYS_STAT_H 1
| #define HAVE_SYS_TYPES_H 1
| #define HAVE_UNISTD_H 1
| #define STDC_HEADERS 1
| #define HAVE_DLFCN_H 1
| #define LT_OBJDIR ".libs/"
| #define HAVE_CFPREFERENCESCOPYAPPVALUE 1
| #define HAVE_CFLOCALECOPYPREFERREDLANGUAGES 1
| #define HAVE_ICONV 1
| #define HAVE_SYS_TYPES_H 1
| #define HAVE_INTTYPES_H 1
| #define HAVE_STDINT_H 1
| #define HAVE_WCHAR_H 1
| #define SIZEOF_INT 4
| #define SIZEOF_LONG 8
| #define SIZEOF_OFF_T 8
| #define SIZEOF_SIZE_T 8
| #define SIZEOF_WCHAR_T 4
| #define HAVE_LIMITS_H 1
| #define HAVE_STDLIB_H 1
| #define HAVE_STRING_H 1
| #define HAVE_WCHAR_H 1
| #define HAVE_WCTYPE_H 1
| #define HAVE_FCLOSE 1
| #define HAVE_FEOF 1
| #define HAVE_FGETS 1
| #define HAVE_FGETWS 1
| #define HAVE_FOPEN 1
| #define HAVE_FREAD 1
| #define HAVE_FSEEKO 1
| #define HAVE_FWRITE 1
| #define HAVE_VFPRINTF 1
| #define HAVE_FREE 1
| #define HAVE_MALLOC 1
| #define HAVE_MEMCMP 1
| #define HAVE_MEMCPY 1
| #define HAVE_MEMSET 1
| #define HAVE_REALLOC 1
| #define HAVE_MEMCHR 1
| #define HAVE_SNPRINTF 1
| #define HAVE_SSCANF 1
| #define HAVE_STRCASECMP 1
| #define HAVE_STRCHR 1
| #define HAVE_STRLEN 1
| #define HAVE_STRNCASECMP 1
| #define HAVE_STRNCMP 1
| #define HAVE_STRNCPY 1
| #define HAVE_STRRCHR 1
| #define HAVE_STRSTR 1
| #define HAVE_VSNPRINTF 1
| #define HAVE_SWPRINTF 1
| #define HAVE_TOWLOWER 1
| #define HAVE_WCSCASECMP 1
| #define HAVE_WCSCHR 1
| #define HAVE_WCSLEN 1
| #define HAVE_WCSNCASECMP 1
| #define HAVE_WCSNCMP 1
| #define HAVE_WCSNCPY 1
| #define HAVE_WCSRCHR 1
| #define HAVE_WCSSTR 1
| #define HAVE_WMEMCHR 1
| #define HAVE_WMEMCMP 1
| #define HAVE_WMEMCPY 1
| #define HAVE_PRINTF_ZD 1
| #define HAVE_DECL_STRERROR_R 1
| #define HAVE_STDARG_H 1
| #define HAVE_STRERROR_R 1
| #define HAVE_LOCAL_LIBCERROR 1
| #define HAVE_PTHREAD_H 1
| #define HAVE_LOCAL_LIBCTHREADS 1
| #define HAVE_MULTI_THREAD_SUPPORT 1
| /* end confdefs.h.  */
| #include <stddef.h>
| #ifdef HAVE_STDIO_H
| # include <stdio.h>
| #endif
| #ifdef HAVE_STDLIB_H
| # include <stdlib.h>
| #endif
| #ifdef HAVE_STRING_H
| # include <string.h>
| #endif
| #ifdef HAVE_INTTYPES_H
| # include <inttypes.h>
| #endif
| #ifdef HAVE_STDINT_H
| # include <stdint.h>
| #endif
| #ifdef HAVE_STRINGS_H
| # include <strings.h>
| #endif
| #ifdef HAVE_SYS_TYPES_H
| # include <sys/types.h>
| #endif
| #ifdef HAVE_SYS_STAT_H
| # include <sys/stat.h>
| #endif
| #ifdef HAVE_UNISTD_H
| # include <unistd.h>
| #endif
| #include <libcdata.h>
configure:29951: result: no
configure:34458: checking whether to use search for libclocale in includedir and libdir or in the specified DIR, or no if to use local version
configure:34467: result: auto-detect
configure:34495: checking for libclocale >= 20120425
configure:34502: $PKG_CONFIG --exists --print-errors "libclocale >= 20120425"
Package libclocale was not found in the pkg-config search path.
Perhaps you should add the directory containing `libclocale.pc'
to the PKG_CONFIG_PATH environment variable
Package 'libclocale' not found
configure:34505: $? = 1
configure:34519: $PKG_CONFIG --exists --print-errors "libclocale >= 20120425"
Package libclocale was not found in the pkg-config search path.
Perhaps you should add the directory containing `libclocale.pc'
to the PKG_CONFIG_PATH environment variable
Package 'libclocale' not found
configure:34522: $? = 1
configure:34536: result: no
Package 'libclocale' not found
configure:34629: checking for libclocale.h
configure:34629: gcc -c -g -O2 -I/opt/homebrew/opt/llvm/include conftest.c >&5
conftest.c:117:10: fatal error: 'libclocale.h' file not found
  117 | #include <libclocale.h>
      |          ^~~~~~~~~~~~~~
1 error generated.
configure:34629: $? = 1
configure: failed program was:
| /* confdefs.h */
| #define PACKAGE_NAME "libvmdk"
| #define PACKAGE_TARNAME "libvmdk"
| #define PACKAGE_VERSION "20260714"
| #define PACKAGE_STRING "libvmdk 20260714"
| #define PACKAGE_BUGREPORT "https://github.com/libyal/libvmdk/issues"
| #define PACKAGE_URL ""
| #define PACKAGE "libvmdk"
| #define VERSION "20260714"
| #define HAVE_STDIO_H 1
| #define HAVE_STDLIB_H 1
| #define HAVE_STRING_H 1
| #define HAVE_INTTYPES_H 1
| #define HAVE_STDINT_H 1
| #define HAVE_STRINGS_H 1
| #define HAVE_SYS_STAT_H 1
| #define HAVE_SYS_TYPES_H 1
| #define HAVE_UNISTD_H 1
| #define STDC_HEADERS 1
| #define HAVE_DLFCN_H 1
| #define LT_OBJDIR ".libs/"
| #define HAVE_CFPREFERENCESCOPYAPPVALUE 1
| #define HAVE_CFLOCALECOPYPREFERREDLANGUAGES 1
| #define HAVE_ICONV 1
| #define HAVE_SYS_TYPES_H 1
| #define HAVE_INTTYPES_H 1
| #define HAVE_STDINT_H 1
| #define HAVE_WCHAR_H 1
| #define SIZEOF_INT 4
| #define SIZEOF_LONG 8
| #define SIZEOF_OFF_T 8
| #define SIZEOF_SIZE_T 8
| #define SIZEOF_WCHAR_T 4
| #define HAVE_LIMITS_H 1
| #define HAVE_STDLIB_H 1
| #define HAVE_STRING_H 1
| #define HAVE_WCHAR_H 1
| #define HAVE_WCTYPE_H 1
| #define HAVE_FCLOSE 1
| #define HAVE_FEOF 1
| #define HAVE_FGETS 1
| #define HAVE_FGETWS 1
| #define HAVE_FOPEN 1
| #define HAVE_FREAD 1
| #define HAVE_FSEEKO 1
| #define HAVE_FWRITE 1
| #define HAVE_VFPRINTF 1
| #define HAVE_FREE 1
| #define HAVE_MALLOC 1
| #define HAVE_MEMCMP 1
| #define HAVE_MEMCPY 1
| #define HAVE_MEMSET 1
| #define HAVE_REALLOC 1
| #define HAVE_MEMCHR 1
| #define HAVE_SNPRINTF 1
| #define HAVE_SSCANF 1
| #define HAVE_STRCASECMP 1
| #define HAVE_STRCHR 1
| #define HAVE_STRLEN 1
| #define HAVE_STRNCASECMP 1
| #define HAVE_STRNCMP 1
| #define HAVE_STRNCPY 1
| #define HAVE_STRRCHR 1
| #define HAVE_STRSTR 1
| #define HAVE_VSNPRINTF 1
| #define HAVE_SWPRINTF 1
| #define HAVE_TOWLOWER 1
| #define HAVE_WCSCASECMP 1
| #define HAVE_WCSCHR 1
| #define HAVE_WCSLEN 1
| #define HAVE_WCSNCASECMP 1
| #define HAVE_WCSNCMP 1
| #define HAVE_WCSNCPY 1
| #define HAVE_WCSRCHR 1
| #define HAVE_WCSSTR 1
| #define HAVE_WMEMCHR 1
| #define HAVE_WMEMCMP 1
| #define HAVE_WMEMCPY 1
| #define HAVE_PRINTF_ZD 1
| #define HAVE_DECL_STRERROR_R 1
| #define HAVE_STDARG_H 1
| #define HAVE_STRERROR_R 1
| #define HAVE_LOCAL_LIBCERROR 1
| #define HAVE_PTHREAD_H 1
| #define HAVE_LOCAL_LIBCTHREADS 1
| #define HAVE_MULTI_THREAD_SUPPORT 1
| #define HAVE_LOCAL_LIBCDATA 1
| /* end confdefs.h.  */
| #include <stddef.h>
| #ifdef HAVE_STDIO_H
| # include <stdio.h>
| #endif
| #ifdef HAVE_STDLIB_H
| # include <stdlib.h>
| #endif
| #ifdef HAVE_STRING_H
| # include <string.h>
| #endif
| #ifdef HAVE_INTTYPES_H
| # include <inttypes.h>
| #endif
| #ifdef HAVE_STDINT_H
| # include <stdint.h>
| #endif
| #ifdef HAVE_STRINGS_H
| # include <strings.h>
| #endif
| #ifdef HAVE_SYS_TYPES_H
| # include <sys/types.h>
| #endif
| #ifdef HAVE_SYS_STAT_H
| # include <sys/stat.h>
| #endif
| #ifdef HAVE_UNISTD_H
| # include <unistd.h>
| #endif
| #include <libclocale.h>
configure:34629: result: no
configure:35151: checking for langinfo.h
configure:35151: gcc -c -g -O2 -I/opt/homebrew/opt/llvm/include conftest.c >&5
configure:35151: $? = 0
configure:35151: result: yes
configure:35157: checking for locale.h
configure:35157: gcc -c -g -O2 -I/opt/homebrew/opt/llvm/include conftest.c >&5
configure:35157: $? = 0
configure:35157: result: yes
configure:35165: checking for getenv
configure:35165: gcc -o conftest -g -O2 -I/opt/homebrew/opt/llvm/include -L/opt/homebrew/opt/llvm/lib/c++ -L/opt/homebrew/opt/llvm/lib/unwind -lunwind conftest.c  >&5
configure:35165: $? = 0
configure:35165: result: yes
configure:35184: checking for localeconv
configure:35184: gcc -o conftest -g -O2 -I/opt/homebrew/opt/llvm/include -L/opt/homebrew/opt/llvm/lib/c++ -L/opt/homebrew/opt/llvm/lib/unwind -lunwind conftest.c  >&5
configure:35184: $? = 0
configure:35184: result: yes
configure:35203: checking for setlocale
configure:35203: gcc -o conftest -g -O2 -I/opt/homebrew/opt/llvm/include -L/opt/homebrew/opt/llvm/lib/c++ -L/opt/homebrew/opt/llvm/lib/unwind -lunwind conftest.c  >&5
configure:35203: $? = 0
configure:35203: result: yes
configure:35220: checking for nl_langinfo
configure:35220: gcc -o conftest -g -O2 -I/opt/homebrew/opt/llvm/include -L/opt/homebrew/opt/llvm/lib/c++ -L/opt/homebrew/opt/llvm/lib/unwind -lunwind conftest.c  >&5
configure:35220: $? = 0
configure:35220: result: yes
configure:35230: checking for nl_langinfo CODESET support
configure:35253: gcc -o conftest -g -O2 -I/opt/homebrew/opt/llvm/include -L/opt/homebrew/opt/llvm/lib/c++ -L/opt/homebrew/opt/llvm/lib/unwind -lunwind conftest.c  >&5
configure:35253: $? = 0
configure:35270: result: yes
configure:35348: checking whether to use search for libcnotify in includedir and libdir or in the specified DIR, or no if to use local version
configure:35357: result: auto-detect
configure:35385: checking for libcnotify >= 20120425
configure:35392: $PKG_CONFIG --exists --print-errors "libcnotify >= 20120425"
Package libcnotify was not found in the pkg-config search path.
Perhaps you should add the directory containing `libcnotify.pc'
to the PKG_CONFIG_PATH environment variable
Package 'libcnotify' not found
configure:35395: $? = 1
configure:35409: $PKG_CONFIG --exists --print-errors "libcnotify >= 20120425"
Package libcnotify was not found in the pkg-config search path.
Perhaps you should add the directory containing `libcnotify.pc'
to the PKG_CONFIG_PATH environment variable
Package 'libcnotify' not found
configure:35412: $? = 1
configure:35426: result: no
Package 'libcnotify' not found
configure:35467: checking for libcnotify.h
configure:35467: gcc -c -g -O2 -I/opt/homebrew/opt/llvm/include conftest.c >&5
conftest.c:125:10: fatal error: 'libcnotify.h' file not found
  125 | #include <libcnotify.h>
      |          ^~~~~~~~~~~~~~
1 error generated.
configure:35467: $? = 1
configure: failed program was:
| /* confdefs.h */
| #define PACKAGE_NAME "libvmdk"
| #define PACKAGE_TARNAME "libvmdk"
| #define PACKAGE_VERSION "20260714"
| #define PACKAGE_STRING "libvmdk 20260714"
| #define PACKAGE_BUGREPORT "https://github.com/libyal/libvmdk/issues"
| #define PACKAGE_URL ""
| #define PACKAGE "libvmdk"
| #define VERSION "20260714"
| #define HAVE_STDIO_H 1
| #define HAVE_STDLIB_H 1
| #define HAVE_STRING_H 1
| #define HAVE_INTTYPES_H 1
| #define HAVE_STDINT_H 1
| #define HAVE_STRINGS_H 1
| #define HAVE_SYS_STAT_H 1
| #define HAVE_SYS_TYPES_H 1
| #define HAVE_UNISTD_H 1
| #define STDC_HEADERS 1
| #define HAVE_DLFCN_H 1
| #define LT_OBJDIR ".libs/"
| #define HAVE_CFPREFERENCESCOPYAPPVALUE 1
| #define HAVE_CFLOCALECOPYPREFERREDLANGUAGES 1
| #define HAVE_ICONV 1
| #define HAVE_SYS_TYPES_H 1
| #define HAVE_INTTYPES_H 1
| #define HAVE_STDINT_H 1
| #define HAVE_WCHAR_H 1
| #define SIZEOF_INT 4
| #define SIZEOF_LONG 8
| #define SIZEOF_OFF_T 8
| #define SIZEOF_SIZE_T 8
| #define SIZEOF_WCHAR_T 4
| #define HAVE_LIMITS_H 1
| #define HAVE_STDLIB_H 1
| #define HAVE_STRING_H 1
| #define HAVE_WCHAR_H 1
| #define HAVE_WCTYPE_H 1
| #define HAVE_FCLOSE 1
| #define HAVE_FEOF 1
| #define HAVE_FGETS 1
| #define HAVE_FGETWS 1
| #define HAVE_FOPEN 1
| #define HAVE_FREAD 1
| #define HAVE_FSEEKO 1
| #define HAVE_FWRITE 1
| #define HAVE_VFPRINTF 1
| #define HAVE_FREE 1
| #define HAVE_MALLOC 1
| #define HAVE_MEMCMP 1
| #define HAVE_MEMCPY 1
| #define HAVE_MEMSET 1
| #define HAVE_REALLOC 1
| #define HAVE_MEMCHR 1
| #define HAVE_SNPRINTF 1
| #define HAVE_SSCANF 1
| #define HAVE_STRCASECMP 1
| #define HAVE_STRCHR 1
| #define HAVE_STRLEN 1
| #define HAVE_STRNCASECMP 1
| #define HAVE_STRNCMP 1
| #define HAVE_STRNCPY 1
| #define HAVE_STRRCHR 1
| #define HAVE_STRSTR 1
| #define HAVE_VSNPRINTF 1
| #define HAVE_SWPRINTF 1
| #define HAVE_TOWLOWER 1
| #define HAVE_WCSCASECMP 1
| #define HAVE_WCSCHR 1
| #define HAVE_WCSLEN 1
| #define HAVE_WCSNCASECMP 1
| #define HAVE_WCSNCMP 1
| #define HAVE_WCSNCPY 1
| #define HAVE_WCSRCHR 1
| #define HAVE_WCSSTR 1
| #define HAVE_WMEMCHR 1
| #define HAVE_WMEMCMP 1
| #define HAVE_WMEMCPY 1
| #define HAVE_PRINTF_ZD 1
| #define HAVE_DECL_STRERROR_R 1
| #define HAVE_STDARG_H 1
| #define HAVE_STRERROR_R 1
| #define HAVE_LOCAL_LIBCERROR 1
| #define HAVE_PTHREAD_H 1
| #define HAVE_LOCAL_LIBCTHREADS 1
| #define HAVE_MULTI_THREAD_SUPPORT 1
| #define HAVE_LOCAL_LIBCDATA 1
| #define HAVE_LANGINFO_H 1
| #define HAVE_LOCALE_H 1
| #define HAVE_GETENV 1
| #define HAVE_LOCALECONV 1
| #define HAVE_SETLOCALE 1
| #define HAVE_NL_LANGINFO 1
| #define HAVE_LANGINFO_CODESET 1
| #define HAVE_LOCAL_LIBCLOCALE 1
| /* end confdefs.h.  */
| #include <stddef.h>
| #ifdef HAVE_STDIO_H
| # include <stdio.h>
| #endif
| #ifdef HAVE_STDLIB_H
| # include <stdlib.h>
| #endif
| #ifdef HAVE_STRING_H
| # include <string.h>
| #endif
| #ifdef HAVE_INTTYPES_H
| # include <inttypes.h>
| #endif
| #ifdef HAVE_STDINT_H
| # include <stdint.h>
| #endif
| #ifdef HAVE_STRINGS_H
| # include <strings.h>
| #endif
| #ifdef HAVE_SYS_TYPES_H
| # include <sys/types.h>
| #endif
| #ifdef HAVE_SYS_STAT_H
| # include <sys/stat.h>
| #endif
| #ifdef HAVE_UNISTD_H
| # include <unistd.h>
| #endif
| #include <libcnotify.h>
configure:35467: result: no
configure:35933: checking for stdarg.h
configure:35933: result: yes
configure:35939: checking for varargs.h
configure:35939: result: no
configure:35956: checking for errno.h
configure:35956: gcc -c -g -O2 -I/opt/homebrew/opt/llvm/include conftest.c >&5
configure:35956: $? = 0
configure:35956: result: yes
configure:36026: checking whether to use search for libcsplit in includedir and libdir or in the specified DIR, or no if to use local version
configure:36035: result: auto-detect
configure:36063: checking for libcsplit >= 20120701
configure:36070: $PKG_CONFIG --exists --print-errors "libcsplit >= 20120701"
Package libcsplit was not found in the pkg-config search path.
Perhaps you should add the directory containing `libcsplit.pc'
to the PKG_CONFIG_PATH environment variable
Package 'libcsplit' not found
configure:36073: $? = 1
configure:36087: $PKG_CONFIG --exists --print-errors "libcsplit >= 20120701"
Package libcsplit was not found in the pkg-config search path.
Perhaps you should add the directory containing `libcsplit.pc'
to the PKG_CONFIG_PATH environment variable
Package 'libcsplit' not found
configure:36090: $? = 1
configure:36104: result: no
Package 'libcsplit' not found
configure:36197: checking for libcsplit.h
configure:36197: gcc -c -g -O2 -I/opt/homebrew/opt/llvm/include conftest.c >&5
conftest.c:128:10: fatal error: 'libcsplit.h' file not found
  128 | #include <libcsplit.h>
      |          ^~~~~~~~~~~~~
1 error generated.
configure:36197: $? = 1
configure: failed program was:
| /* confdefs.h */
| #define PACKAGE_NAME "libvmdk"
| #define PACKAGE_TARNAME "libvmdk"
| #define PACKAGE_VERSION "20260714"
| #define PACKAGE_STRING "libvmdk 20260714"
| #define PACKAGE_BUGREPORT "https://github.com/libyal/libvmdk/issues"
| #define PACKAGE_URL ""
| #define PACKAGE "libvmdk"
| #define VERSION "20260714"
| #define HAVE_STDIO_H 1
| #define HAVE_STDLIB_H 1
| #define HAVE_STRING_H 1
| #define HAVE_INTTYPES_H 1
| #define HAVE_STDINT_H 1
| #define HAVE_STRINGS_H 1
| #define HAVE_SYS_STAT_H 1
| #define HAVE_SYS_TYPES_H 1
| #define HAVE_UNISTD_H 1
| #define STDC_HEADERS 1
| #define HAVE_DLFCN_H 1
| #define LT_OBJDIR ".libs/"
| #define HAVE_CFPREFERENCESCOPYAPPVALUE 1
| #define HAVE_CFLOCALECOPYPREFERREDLANGUAGES 1
| #define HAVE_ICONV 1
| #define HAVE_SYS_TYPES_H 1
| #define HAVE_INTTYPES_H 1
| #define HAVE_STDINT_H 1
| #define HAVE_WCHAR_H 1
| #define SIZEOF_INT 4
| #define SIZEOF_LONG 8
| #define SIZEOF_OFF_T 8
| #define SIZEOF_SIZE_T 8
| #define SIZEOF_WCHAR_T 4
| #define HAVE_LIMITS_H 1
| #define HAVE_STDLIB_H 1
| #define HAVE_STRING_H 1
| #define HAVE_WCHAR_H 1
| #define HAVE_WCTYPE_H 1
| #define HAVE_FCLOSE 1
| #define HAVE_FEOF 1
| #define HAVE_FGETS 1
| #define HAVE_FGETWS 1
| #define HAVE_FOPEN 1
| #define HAVE_FREAD 1
| #define HAVE_FSEEKO 1
| #define HAVE_FWRITE 1
| #define HAVE_VFPRINTF 1
| #define HAVE_FREE 1
| #define HAVE_MALLOC 1
| #define HAVE_MEMCMP 1
| #define HAVE_MEMCPY 1
| #define HAVE_MEMSET 1
| #define HAVE_REALLOC 1
| #define HAVE_MEMCHR 1
| #define HAVE_SNPRINTF 1
| #define HAVE_SSCANF 1
| #define HAVE_STRCASECMP 1
| #define HAVE_STRCHR 1
| #define HAVE_STRLEN 1
| #define HAVE_STRNCASECMP 1
| #define HAVE_STRNCMP 1
| #define HAVE_STRNCPY 1
| #define HAVE_STRRCHR 1
| #define HAVE_STRSTR 1
| #define HAVE_VSNPRINTF 1
| #define HAVE_SWPRINTF 1
| #define HAVE_TOWLOWER 1
| #define HAVE_WCSCASECMP 1
| #define HAVE_WCSCHR 1
| #define HAVE_WCSLEN 1
| #define HAVE_WCSNCASECMP 1
| #define HAVE_WCSNCMP 1
| #define HAVE_WCSNCPY 1
| #define HAVE_WCSRCHR 1
| #define HAVE_WCSSTR 1
| #define HAVE_WMEMCHR 1
| #define HAVE_WMEMCMP 1
| #define HAVE_WMEMCPY 1
| #define HAVE_PRINTF_ZD 1
| #define HAVE_DECL_STRERROR_R 1
| #define HAVE_STDARG_H 1
| #define HAVE_STRERROR_R 1
| #define HAVE_LOCAL_LIBCERROR 1
| #define HAVE_PTHREAD_H 1
| #define HAVE_LOCAL_LIBCTHREADS 1
| #define HAVE_MULTI_THREAD_SUPPORT 1
| #define HAVE_LOCAL_LIBCDATA 1
| #define HAVE_LANGINFO_H 1
| #define HAVE_LOCALE_H 1
| #define HAVE_GETENV 1
| #define HAVE_LOCALECONV 1
| #define HAVE_SETLOCALE 1
| #define HAVE_NL_LANGINFO 1
| #define HAVE_LANGINFO_CODESET 1
| #define HAVE_LOCAL_LIBCLOCALE 1
| #define HAVE_STDARG_H 1
| #define HAVE_ERRNO_H 1
| #define HAVE_LOCAL_LIBCNOTIFY 1
| /* end confdefs.h.  */
| #include <stddef.h>
| #ifdef HAVE_STDIO_H
| # include <stdio.h>
| #endif
| #ifdef HAVE_STDLIB_H
| # include <stdlib.h>
| #endif
| #ifdef HAVE_STRING_H
| # include <string.h>
| #endif
| #ifdef HAVE_INTTYPES_H
| # include <inttypes.h>
| #endif
| #ifdef HAVE_STDINT_H
| # include <stdint.h>
| #endif
| #ifdef HAVE_STRINGS_H
| # include <strings.h>
| #endif
| #ifdef HAVE_SYS_TYPES_H
| # include <sys/types.h>
| #endif
| #ifdef HAVE_SYS_STAT_H
| # include <sys/stat.h>
| #endif
| #ifdef HAVE_UNISTD_H
| # include <unistd.h>
| #endif
| #include <libcsplit.h>
configure:36197: result: no
configure:36988: checking whether to use search for libuna in includedir and libdir or in the specified DIR, or no if to use local version
configure:36997: result: auto-detect
configure:37025: checking for libuna >= 20230702
configure:37032: $PKG_CONFIG --exists --print-errors "libuna >= 20230702"
Package libuna was not found in the pkg-config search path.
Perhaps you should add the directory containing `libuna.pc'
to the PKG_CONFIG_PATH environment variable
Package 'libuna' not found
configure:37035: $? = 1
configure:37049: $PKG_CONFIG --exists --print-errors "libuna >= 20230702"
Package libuna was not found in the pkg-config search path.
Perhaps you should add the directory containing `libuna.pc'
to the PKG_CONFIG_PATH environment variable
Package 'libuna' not found
configure:37052: $? = 1
configure:37066: result: no
Package 'libuna' not found
configure:37107: checking for libuna.h
configure:37107: gcc -c -g -O2 -I/opt/homebrew/opt/llvm/include conftest.c >&5
conftest.c:129:10: fatal error: 'libuna.h' file not found
  129 | #include <libuna.h>
      |          ^~~~~~~~~~
1 error generated.
configure:37107: $? = 1
configure: failed program was:
| /* confdefs.h */
| #define PACKAGE_NAME "libvmdk"
| #define PACKAGE_TARNAME "libvmdk"
| #define PACKAGE_VERSION "20260714"
| #define PACKAGE_STRING "libvmdk 20260714"
| #define PACKAGE_BUGREPORT "https://github.com/libyal/libvmdk/issues"
| #define PACKAGE_URL ""
| #define PACKAGE "libvmdk"
| #define VERSION "20260714"
| #define HAVE_STDIO_H 1
| #define HAVE_STDLIB_H 1
| #define HAVE_STRING_H 1
| #define HAVE_INTTYPES_H 1
| #define HAVE_STDINT_H 1
| #define HAVE_STRINGS_H 1
| #define HAVE_SYS_STAT_H 1
| #define HAVE_SYS_TYPES_H 1
| #define HAVE_UNISTD_H 1
| #define STDC_HEADERS 1
| #define HAVE_DLFCN_H 1
| #define LT_OBJDIR ".libs/"
| #define HAVE_CFPREFERENCESCOPYAPPVALUE 1
| #define HAVE_CFLOCALECOPYPREFERREDLANGUAGES 1
| #define HAVE_ICONV 1
| #define HAVE_SYS_TYPES_H 1
| #define HAVE_INTTYPES_H 1
| #define HAVE_STDINT_H 1
| #define HAVE_WCHAR_H 1
| #define SIZEOF_INT 4
| #define SIZEOF_LONG 8
| #define SIZEOF_OFF_T 8
| #define SIZEOF_SIZE_T 8
| #define SIZEOF_WCHAR_T 4
| #define HAVE_LIMITS_H 1
| #define HAVE_STDLIB_H 1
| #define HAVE_STRING_H 1
| #define HAVE_WCHAR_H 1
| #define HAVE_WCTYPE_H 1
| #define HAVE_FCLOSE 1
| #define HAVE_FEOF 1
| #define HAVE_FGETS 1
| #define HAVE_FGETWS 1
| #define HAVE_FOPEN 1
| #define HAVE_FREAD 1
| #define HAVE_FSEEKO 1
| #define HAVE_FWRITE 1
| #define HAVE_VFPRINTF 1
| #define HAVE_FREE 1
| #define HAVE_MALLOC 1
| #define HAVE_MEMCMP 1
| #define HAVE_MEMCPY 1
| #define HAVE_MEMSET 1
| #define HAVE_REALLOC 1
| #define HAVE_MEMCHR 1
| #define HAVE_SNPRINTF 1
| #define HAVE_SSCANF 1
| #define HAVE_STRCASECMP 1
| #define HAVE_STRCHR 1
| #define HAVE_STRLEN 1
| #define HAVE_STRNCASECMP 1
| #define HAVE_STRNCMP 1
| #define HAVE_STRNCPY 1
| #define HAVE_STRRCHR 1
| #define HAVE_STRSTR 1
| #define HAVE_VSNPRINTF 1
| #define HAVE_SWPRINTF 1
| #define HAVE_TOWLOWER 1
| #define HAVE_WCSCASECMP 1
| #define HAVE_WCSCHR 1
| #define HAVE_WCSLEN 1
| #define HAVE_WCSNCASECMP 1
| #define HAVE_WCSNCMP 1
| #define HAVE_WCSNCPY 1
| #define HAVE_WCSRCHR 1
| #define HAVE_WCSSTR 1
| #define HAVE_WMEMCHR 1
| #define HAVE_WMEMCMP 1
| #define HAVE_WMEMCPY 1
| #define HAVE_PRINTF_ZD 1
| #define HAVE_DECL_STRERROR_R 1
| #define HAVE_STDARG_H 1
| #define HAVE_STRERROR_R 1
| #define HAVE_LOCAL_LIBCERROR 1
| #define HAVE_PTHREAD_H 1
| #define HAVE_LOCAL_LIBCTHREADS 1
| #define HAVE_MULTI_THREAD_SUPPORT 1
| #define HAVE_LOCAL_LIBCDATA 1
| #define HAVE_LANGINFO_H 1
| #define HAVE_LOCALE_H 1
| #define HAVE_GETENV 1
| #define HAVE_LOCALECONV 1
| #define HAVE_SETLOCALE 1
| #define HAVE_NL_LANGINFO 1
| #define HAVE_LANGINFO_CODESET 1
| #define HAVE_LOCAL_LIBCLOCALE 1
| #define HAVE_STDARG_H 1
| #define HAVE_ERRNO_H 1
| #define HAVE_LOCAL_LIBCNOTIFY 1
| #define HAVE_LOCAL_LIBCSPLIT 1
| /* end confdefs.h.  */
| #include <stddef.h>
| #ifdef HAVE_STDIO_H
| # include <stdio.h>
| #endif
| #ifdef HAVE_STDLIB_H
| # include <stdlib.h>
| #endif
| #ifdef HAVE_STRING_H
| # include <string.h>
| #endif
| #ifdef HAVE_INTTYPES_H
| # include <inttypes.h>
| #endif
| #ifdef HAVE_STDINT_H
| # include <stdint.h>
| #endif
| #ifdef HAVE_STRINGS_H
| # include <strings.h>
| #endif
| #ifdef HAVE_SYS_TYPES_H
| # include <sys/types.h>
| #endif
| #ifdef HAVE_SYS_STAT_H
| # include <sys/stat.h>
| #endif
| #ifdef HAVE_UNISTD_H
| # include <unistd.h>
| #endif
| #include <libuna.h>
configure:37107: result: no
configure:45748: checking whether to use search for libcfile in includedir and libdir or in the specified DIR, or no if to use local version
configure:45757: result: auto-detect
configure:45785: checking for libcfile >= 20160409
configure:45792: $PKG_CONFIG --exists --print-errors "libcfile >= 20160409"
Package libcfile was not found in the pkg-config search path.
Perhaps you should add the directory containing `libcfile.pc'
to the PKG_CONFIG_PATH environment variable
Package 'libcfile' not found
configure:45795: $? = 1
configure:45809: $PKG_CONFIG --exists --print-errors "libcfile >= 20160409"
Package libcfile was not found in the pkg-config search path.
Perhaps you should add the directory containing `libcfile.pc'
to the PKG_CONFIG_PATH environment variable
Package 'libcfile' not found
configure:45812: $? = 1
configure:45826: result: no
Package 'libcfile' not found
configure:45919: checking for libcfile.h
configure:45919: gcc -c -g -O2 -I/opt/homebrew/opt/llvm/include conftest.c >&5
conftest.c:130:10: fatal error: 'libcfile.h' file not found
  130 | #include <libcfile.h>
      |          ^~~~~~~~~~~~
1 error generated.
configure:45919: $? = 1
configure: failed program was:
| /* confdefs.h */
| #define PACKAGE_NAME "libvmdk"
| #define PACKAGE_TARNAME "libvmdk"
| #define PACKAGE_VERSION "20260714"
| #define PACKAGE_STRING "libvmdk 20260714"
| #define PACKAGE_BUGREPORT "https://github.com/libyal/libvmdk/issues"
| #define PACKAGE_URL ""
| #define PACKAGE "libvmdk"
| #define VERSION "20260714"
| #define HAVE_STDIO_H 1
| #define HAVE_STDLIB_H 1
| #define HAVE_STRING_H 1
| #define HAVE_INTTYPES_H 1
| #define HAVE_STDINT_H 1
| #define HAVE_STRINGS_H 1
| #define HAVE_SYS_STAT_H 1
| #define HAVE_SYS_TYPES_H 1
| #define HAVE_UNISTD_H 1
| #define STDC_HEADERS 1
| #define HAVE_DLFCN_H 1
| #define LT_OBJDIR ".libs/"
| #define HAVE_CFPREFERENCESCOPYAPPVALUE 1
| #define HAVE_CFLOCALECOPYPREFERREDLANGUAGES 1
| #define HAVE_ICONV 1
| #define HAVE_SYS_TYPES_H 1
| #define HAVE_INTTYPES_H 1
| #define HAVE_STDINT_H 1
| #define HAVE_WCHAR_H 1
| #define SIZEOF_INT 4
| #define SIZEOF_LONG 8
| #define SIZEOF_OFF_T 8
| #define SIZEOF_SIZE_T 8
| #define SIZEOF_WCHAR_T 4
| #define HAVE_LIMITS_H 1
| #define HAVE_STDLIB_H 1
| #define HAVE_STRING_H 1
| #define HAVE_WCHAR_H 1
| #define HAVE_WCTYPE_H 1
| #define HAVE_FCLOSE 1
| #define HAVE_FEOF 1
| #define HAVE_FGETS 1
| #define HAVE_FGETWS 1
| #define HAVE_FOPEN 1
| #define HAVE_FREAD 1
| #define HAVE_FSEEKO 1
| #define HAVE_FWRITE 1
| #define HAVE_VFPRINTF 1
| #define HAVE_FREE 1
| #define HAVE_MALLOC 1
| #define HAVE_MEMCMP 1
| #define HAVE_MEMCPY 1
| #define HAVE_MEMSET 1
| #define HAVE_REALLOC 1
| #define HAVE_MEMCHR 1
| #define HAVE_SNPRINTF 1
| #define HAVE_SSCANF 1
| #define HAVE_STRCASECMP 1
| #define HAVE_STRCHR 1
| #define HAVE_STRLEN 1
| #define HAVE_STRNCASECMP 1
| #define HAVE_STRNCMP 1
| #define HAVE_STRNCPY 1
| #define HAVE_STRRCHR 1
| #define HAVE_STRSTR 1
| #define HAVE_VSNPRINTF 1
| #define HAVE_SWPRINTF 1
| #define HAVE_TOWLOWER 1
| #define HAVE_WCSCASECMP 1
| #define HAVE_WCSCHR 1
| #define HAVE_WCSLEN 1
| #define HAVE_WCSNCASECMP 1
| #define HAVE_WCSNCMP 1
| #define HAVE_WCSNCPY 1
| #define HAVE_WCSRCHR 1
| #define HAVE_WCSSTR 1
| #define HAVE_WMEMCHR 1
| #define HAVE_WMEMCMP 1
| #define HAVE_WMEMCPY 1
| #define HAVE_PRINTF_ZD 1
| #define HAVE_DECL_STRERROR_R 1
| #define HAVE_STDARG_H 1
| #define HAVE_STRERROR_R 1
| #define HAVE_LOCAL_LIBCERROR 1
| #define HAVE_PTHREAD_H 1
| #define HAVE_LOCAL_LIBCTHREADS 1
| #define HAVE_MULTI_THREAD_SUPPORT 1
| #define HAVE_LOCAL_LIBCDATA 1
| #define HAVE_LANGINFO_H 1
| #define HAVE_LOCALE_H 1
| #define HAVE_GETENV 1
| #define HAVE_LOCALECONV 1
| #define HAVE_SETLOCALE 1
| #define HAVE_NL_LANGINFO 1
| #define HAVE_LANGINFO_CODESET 1
| #define HAVE_LOCAL_LIBCLOCALE 1
| #define HAVE_STDARG_H 1
| #define HAVE_ERRNO_H 1
| #define HAVE_LOCAL_LIBCNOTIFY 1
| #define HAVE_LOCAL_LIBCSPLIT 1
| #define HAVE_LOCAL_LIBUNA 1
| /* end confdefs.h.  */
| #include <stddef.h>
| #ifdef HAVE_STDIO_H
| # include <stdio.h>
| #endif
| #ifdef HAVE_STDLIB_H
| # include <stdlib.h>
| #endif
| #ifdef HAVE_STRING_H
| # include <string.h>
| #endif
| #ifdef HAVE_INTTYPES_H
| # include <inttypes.h>
| #endif
| #ifdef HAVE_STDINT_H
| # include <stdint.h>
| #endif
| #ifdef HAVE_STRINGS_H
| # include <strings.h>
| #endif
| #ifdef HAVE_SYS_TYPES_H
| # include <sys/types.h>
| #endif
| #ifdef HAVE_SYS_STAT_H
| # include <sys/stat.h>
| #endif
| #ifdef HAVE_UNISTD_H
| # include <unistd.h>
| #endif
| #include <libcfile.h>
configure:45919: result: no
configure:47208: checking for errno.h
configure:47208: result: yes
configure:47214: checking for stdio.h
configure:47214: result: yes
configure:47220: checking for sys/stat.h
configure:47220: result: yes
configure:47228: checking for cygwin/fs.h
configure:47228: gcc -c -g -O2 -I/opt/homebrew/opt/llvm/include conftest.c >&5
conftest.c:133:10: fatal error: 'cygwin/fs.h' file not found
  133 | #include <cygwin/fs.h>
      |          ^~~~~~~~~~~~~
1 error generated.
configure:47228: $? = 1
configure: failed program was:
| /* confdefs.h */
| #define PACKAGE_NAME "libvmdk"
| #define PACKAGE_TARNAME "libvmdk"
| #define PACKAGE_VERSION "20260714"
| #define PACKAGE_STRING "libvmdk 20260714"
| #define PACKAGE_BUGREPORT "https://github.com/libyal/libvmdk/issues"
| #define PACKAGE_URL ""
| #define PACKAGE "libvmdk"
| #define VERSION "20260714"
| #define HAVE_STDIO_H 1
| #define HAVE_STDLIB_H 1
| #define HAVE_STRING_H 1
| #define HAVE_INTTYPES_H 1
| #define HAVE_STDINT_H 1
| #define HAVE_STRINGS_H 1
| #define HAVE_SYS_STAT_H 1
| #define HAVE_SYS_TYPES_H 1
| #define HAVE_UNISTD_H 1
| #define STDC_HEADERS 1
| #define HAVE_DLFCN_H 1
| #define LT_OBJDIR ".libs/"
| #define HAVE_CFPREFERENCESCOPYAPPVALUE 1
| #define HAVE_CFLOCALECOPYPREFERREDLANGUAGES 1
| #define HAVE_ICONV 1
| #define HAVE_SYS_TYPES_H 1
| #define HAVE_INTTYPES_H 1
| #define HAVE_STDINT_H 1
| #define HAVE_WCHAR_H 1
| #define SIZEOF_INT 4
| #define SIZEOF_LONG 8
| #define SIZEOF_OFF_T 8
| #define SIZEOF_SIZE_T 8
| #define SIZEOF_WCHAR_T 4
| #define HAVE_LIMITS_H 1
| #define HAVE_STDLIB_H 1
| #define HAVE_STRING_H 1
| #define HAVE_WCHAR_H 1
| #define HAVE_WCTYPE_H 1
| #define HAVE_FCLOSE 1
| #define HAVE_FEOF 1
| #define HAVE_FGETS 1
| #define HAVE_FGETWS 1
| #define HAVE_FOPEN 1
| #define HAVE_FREAD 1
| #define HAVE_FSEEKO 1
| #define HAVE_FWRITE 1
| #define HAVE_VFPRINTF 1
| #define HAVE_FREE 1
| #define HAVE_MALLOC 1
| #define HAVE_MEMCMP 1
| #define HAVE_MEMCPY 1
| #define HAVE_MEMSET 1
| #define HAVE_REALLOC 1
| #define HAVE_MEMCHR 1
| #define HAVE_SNPRINTF 1
| #define HAVE_SSCANF 1
| #define HAVE_STRCASECMP 1
| #define HAVE_STRCHR 1
| #define HAVE_STRLEN 1
| #define HAVE_STRNCASECMP 1
| #define HAVE_STRNCMP 1
| #define HAVE_STRNCPY 1
| #define HAVE_STRRCHR 1
| #define HAVE_STRSTR 1
| #define HAVE_VSNPRINTF 1
| #define HAVE_SWPRINTF 1
| #define HAVE_TOWLOWER 1
| #define HAVE_WCSCASECMP 1
| #define HAVE_WCSCHR 1
| #define HAVE_WCSLEN 1
| #define HAVE_WCSNCASECMP 1
| #define HAVE_WCSNCMP 1
| #define HAVE_WCSNCPY 1
| #define HAVE_WCSRCHR 1
| #define HAVE_WCSSTR 1
| #define HAVE_WMEMCHR 1
| #define HAVE_WMEMCMP 1
| #define HAVE_WMEMCPY 1
| #define HAVE_PRINTF_ZD 1
| #define HAVE_DECL_STRERROR_R 1
| #define HAVE_STDARG_H 1
| #define HAVE_STRERROR_R 1
| #define HAVE_LOCAL_LIBCERROR 1
| #define HAVE_PTHREAD_H 1
| #define HAVE_LOCAL_LIBCTHREADS 1
| #define HAVE_MULTI_THREAD_SUPPORT 1
| #define HAVE_LOCAL_LIBCDATA 1
| #define HAVE_LANGINFO_H 1
| #define HAVE_LOCALE_H 1
| #define HAVE_GETENV 1
| #define HAVE_LOCALECONV 1
| #define HAVE_SETLOCALE 1
| #define HAVE_NL_LANGINFO 1
| #define HAVE_LANGINFO_CODESET 1
| #define HAVE_LOCAL_LIBCLOCALE 1
| #define HAVE_STDARG_H 1
| #define HAVE_ERRNO_H 1
| #define HAVE_LOCAL_LIBCNOTIFY 1
| #define HAVE_LOCAL_LIBCSPLIT 1
| #define HAVE_LOCAL_LIBUNA 1
| #define HAVE_ERRNO_H 1
| #define HAVE_STDIO_H 1
| #define HAVE_SYS_STAT_H 1
| /* end confdefs.h.  */
| #include <stddef.h>
| #ifdef HAVE_STDIO_H
| # include <stdio.h>
| #endif
| #ifdef HAVE_STDLIB_H
| # include <stdlib.h>
| #endif
| #ifdef HAVE_STRING_H
| # include <string.h>
| #endif
| #ifdef HAVE_INTTYPES_H
| # include <inttypes.h>
| #endif
| #ifdef HAVE_STDINT_H
| # include <stdint.h>
| #endif
| #ifdef HAVE_STRINGS_H
| # include <strings.h>
| #endif
| #ifdef HAVE_SYS_TYPES_H
| # include <sys/types.h>
| #endif
| #ifdef HAVE_SYS_STAT_H
| # include <sys/stat.h>
| #endif
| #ifdef HAVE_UNISTD_H
| # include <unistd.h>
| #endif
| #include <cygwin/fs.h>
configure:47228: result: no
configure:47234: checking for fcntl.h
configure:47234: gcc -c -g -O2 -I/opt/homebrew/opt/llvm/include conftest.c >&5
configure:47234: $? = 0
configure:47234: result: yes
configure:47240: checking for linux/fs.h
configure:47240: gcc -c -g -O2 -I/opt/homebrew/opt/llvm/include conftest.c >&5
conftest.c:134:10: fatal error: 'linux/fs.h' file not found
  134 | #include <linux/fs.h>
      |          ^~~~~~~~~~~~
1 error generated.
configure:47240: $? = 1
configure: failed program was:
| /* confdefs.h */
| #define PACKAGE_NAME "libvmdk"
| #define PACKAGE_TARNAME "libvmdk"
| #define PACKAGE_VERSION "20260714"
| #define PACKAGE_STRING "libvmdk 20260714"
| #define PACKAGE_BUGREPORT "https://github.com/libyal/libvmdk/issues"
| #define PACKAGE_URL ""
| #define PACKAGE "libvmdk"
| #define VERSION "20260714"
| #define HAVE_STDIO_H 1
| #define HAVE_STDLIB_H 1
| #define HAVE_STRING_H 1
| #define HAVE_INTTYPES_H 1
| #define HAVE_STDINT_H 1
| #define HAVE_STRINGS_H 1
| #define HAVE_SYS_STAT_H 1
| #define HAVE_SYS_TYPES_H 1
| #define HAVE_UNISTD_H 1
| #define STDC_HEADERS 1
| #define HAVE_DLFCN_H 1
| #define LT_OBJDIR ".libs/"
| #define HAVE_CFPREFERENCESCOPYAPPVALUE 1
| #define HAVE_CFLOCALECOPYPREFERREDLANGUAGES 1
| #define HAVE_ICONV 1
| #define HAVE_SYS_TYPES_H 1
| #define HAVE_INTTYPES_H 1
| #define HAVE_STDINT_H 1
| #define HAVE_WCHAR_H 1
| #define SIZEOF_INT 4
| #define SIZEOF_LONG 8
| #define SIZEOF_OFF_T 8
| #define SIZEOF_SIZE_T 8
| #define SIZEOF_WCHAR_T 4
| #define HAVE_LIMITS_H 1
| #define HAVE_STDLIB_H 1
| #define HAVE_STRING_H 1
| #define HAVE_WCHAR_H 1
| #define HAVE_WCTYPE_H 1
| #define HAVE_FCLOSE 1
| #define HAVE_FEOF 1
| #define HAVE_FGETS 1
| #define HAVE_FGETWS 1
| #define HAVE_FOPEN 1
| #define HAVE_FREAD 1
| #define HAVE_FSEEKO 1
| #define HAVE_FWRITE 1
| #define HAVE_VFPRINTF 1
| #define HAVE_FREE 1
| #define HAVE_MALLOC 1
| #define HAVE_MEMCMP 1
| #define HAVE_MEMCPY 1
| #define HAVE_MEMSET 1
| #define HAVE_REALLOC 1
| #define HAVE_MEMCHR 1
| #define HAVE_SNPRINTF 1
| #define HAVE_SSCANF 1
| #define HAVE_STRCASECMP 1
| #define HAVE_STRCHR 1
| #define HAVE_STRLEN 1
| #define HAVE_STRNCASECMP 1
| #define HAVE_STRNCMP 1
| #define HAVE_STRNCPY 1
| #define HAVE_STRRCHR 1
| #define HAVE_STRSTR 1
| #define HAVE_VSNPRINTF 1
| #define HAVE_SWPRINTF 1
| #define HAVE_TOWLOWER 1
| #define HAVE_WCSCASECMP 1
| #define HAVE_WCSCHR 1
| #define HAVE_WCSLEN 1
| #define HAVE_WCSNCASECMP 1
| #define HAVE_WCSNCMP 1
| #define HAVE_WCSNCPY 1
| #define HAVE_WCSRCHR 1
| #define HAVE_WCSSTR 1
| #define HAVE_WMEMCHR 1
| #define HAVE_WMEMCMP 1
| #define HAVE_WMEMCPY 1
| #define HAVE_PRINTF_ZD 1
| #define HAVE_DECL_STRERROR_R 1
| #define HAVE_STDARG_H 1
| #define HAVE_STRERROR_R 1
| #define HAVE_LOCAL_LIBCERROR 1
| #define HAVE_PTHREAD_H 1
| #define HAVE_LOCAL_LIBCTHREADS 1
| #define HAVE_MULTI_THREAD_SUPPORT 1
| #define HAVE_LOCAL_LIBCDATA 1
| #define HAVE_LANGINFO_H 1
| #define HAVE_LOCALE_H 1
| #define HAVE_GETENV 1
| #define HAVE_LOCALECONV 1
| #define HAVE_SETLOCALE 1
| #define HAVE_NL_LANGINFO 1
| #define HAVE_LANGINFO_CODESET 1
| #define HAVE_LOCAL_LIBCLOCALE 1
| #define HAVE_STDARG_H 1
| #define HAVE_ERRNO_H 1
| #define HAVE_LOCAL_LIBCNOTIFY 1
| #define HAVE_LOCAL_LIBCSPLIT 1
| #define HAVE_LOCAL_LIBUNA 1
| #define HAVE_ERRNO_H 1
| #define HAVE_STDIO_H 1
| #define HAVE_SYS_STAT_H 1
| #define HAVE_FCNTL_H 1
| /* end confdefs.h.  */
| #include <stddef.h>
| #ifdef HAVE_STDIO_H
| # include <stdio.h>
| #endif
| #ifdef HAVE_STDLIB_H
| # include <stdlib.h>
| #endif
| #ifdef HAVE_STRING_H
| # include <string.h>
| #endif
| #ifdef HAVE_INTTYPES_H
| # include <inttypes.h>
| #endif
| #ifdef HAVE_STDINT_H
| # include <stdint.h>
| #endif
| #ifdef HAVE_STRINGS_H
| # include <strings.h>
| #endif
| #ifdef HAVE_SYS_TYPES_H
| # include <sys/types.h>
| #endif
| #ifdef HAVE_SYS_STAT_H
| # include <sys/stat.h>
| #endif
| #ifdef HAVE_UNISTD_H
| # include <unistd.h>
| #endif
| #include <linux/fs.h>
configure:47240: result: no
configure:47246: checking for sys/disk.h
configure:47246: gcc -c -g -O2 -I/opt/homebrew/opt/llvm/include conftest.c >&5
configure:47246: $? = 0
configure:47246: result: yes
configure:47252: checking for sys/disklabel.h
configure:47252: gcc -c -g -O2 -I/opt/homebrew/opt/llvm/include conftest.c >&5
conftest.c:135:10: fatal error: 'sys/disklabel.h' file not found
  135 | #include <sys/disklabel.h>
      |          ^~~~~~~~~~~~~~~~~
1 error generated.
configure:47252: $? = 1
configure: failed program was:
| /* confdefs.h */
| #define PACKAGE_NAME "libvmdk"
| #define PACKAGE_TARNAME "libvmdk"
| #define PACKAGE_VERSION "20260714"
| #define PACKAGE_STRING "libvmdk 20260714"
| #define PACKAGE_BUGREPORT "https://github.com/libyal/libvmdk/issues"
| #define PACKAGE_URL ""
| #define PACKAGE "libvmdk"
| #define VERSION "20260714"
| #define HAVE_STDIO_H 1
| #define HAVE_STDLIB_H 1
| #define HAVE_STRING_H 1
| #define HAVE_INTTYPES_H 1
| #define HAVE_STDINT_H 1
| #define HAVE_STRINGS_H 1
| #define HAVE_SYS_STAT_H 1
| #define HAVE_SYS_TYPES_H 1
| #define HAVE_UNISTD_H 1
| #define STDC_HEADERS 1
| #define HAVE_DLFCN_H 1
| #define LT_OBJDIR ".libs/"
| #define HAVE_CFPREFERENCESCOPYAPPVALUE 1
| #define HAVE_CFLOCALECOPYPREFERREDLANGUAGES 1
| #define HAVE_ICONV 1
| #define HAVE_SYS_TYPES_H 1
| #define HAVE_INTTYPES_H 1
| #define HAVE_STDINT_H 1
| #define HAVE_WCHAR_H 1
| #define SIZEOF_INT 4
| #define SIZEOF_LONG 8
| #define SIZEOF_OFF_T 8
| #define SIZEOF_SIZE_T 8
| #define SIZEOF_WCHAR_T 4
| #define HAVE_LIMITS_H 1
| #define HAVE_STDLIB_H 1
| #define HAVE_STRING_H 1
| #define HAVE_WCHAR_H 1
| #define HAVE_WCTYPE_H 1
| #define HAVE_FCLOSE 1
| #define HAVE_FEOF 1
| #define HAVE_FGETS 1
| #define HAVE_FGETWS 1
| #define HAVE_FOPEN 1
| #define HAVE_FREAD 1
| #define HAVE_FSEEKO 1
| #define HAVE_FWRITE 1
| #define HAVE_VFPRINTF 1
| #define HAVE_FREE 1
| #define HAVE_MALLOC 1
| #define HAVE_MEMCMP 1
| #define HAVE_MEMCPY 1
| #define HAVE_MEMSET 1
| #define HAVE_REALLOC 1
| #define HAVE_MEMCHR 1
| #define HAVE_SNPRINTF 1
| #define HAVE_SSCANF 1
| #define HAVE_STRCASECMP 1
| #define HAVE_STRCHR 1
| #define HAVE_STRLEN 1
| #define HAVE_STRNCASECMP 1
| #define HAVE_STRNCMP 1
| #define HAVE_STRNCPY 1
| #define HAVE_STRRCHR 1
| #define HAVE_STRSTR 1
| #define HAVE_VSNPRINTF 1
| #define HAVE_SWPRINTF 1
| #define HAVE_TOWLOWER 1
| #define HAVE_WCSCASECMP 1
| #define HAVE_WCSCHR 1
| #define HAVE_WCSLEN 1
| #define HAVE_WCSNCASECMP 1
| #define HAVE_WCSNCMP 1
| #define HAVE_WCSNCPY 1
| #define HAVE_WCSRCHR 1
| #define HAVE_WCSSTR 1
| #define HAVE_WMEMCHR 1
| #define HAVE_WMEMCMP 1
| #define HAVE_WMEMCPY 1
| #define HAVE_PRINTF_ZD 1
| #define HAVE_DECL_STRERROR_R 1
| #define HAVE_STDARG_H 1
| #define HAVE_STRERROR_R 1
| #define HAVE_LOCAL_LIBCERROR 1
| #define HAVE_PTHREAD_H 1
| #define HAVE_LOCAL_LIBCTHREADS 1
| #define HAVE_MULTI_THREAD_SUPPORT 1
| #define HAVE_LOCAL_LIBCDATA 1
| #define HAVE_LANGINFO_H 1
| #define HAVE_LOCALE_H 1
| #define HAVE_GETENV 1
| #define HAVE_LOCALECONV 1
| #define HAVE_SETLOCALE 1
| #define HAVE_NL_LANGINFO 1
| #define HAVE_LANGINFO_CODESET 1
| #define HAVE_LOCAL_LIBCLOCALE 1
| #define HAVE_STDARG_H 1
| #define HAVE_ERRNO_H 1
| #define HAVE_LOCAL_LIBCNOTIFY 1
| #define HAVE_LOCAL_LIBCSPLIT 1
| #define HAVE_LOCAL_LIBUNA 1
| #define HAVE_ERRNO_H 1
| #define HAVE_STDIO_H 1
| #define HAVE_SYS_STAT_H 1
| #define HAVE_FCNTL_H 1
| #define HAVE_SYS_DISK_H 1
| /* end confdefs.h.  */
| #include <stddef.h>
| #ifdef HAVE_STDIO_H
| # include <stdio.h>
| #endif
| #ifdef HAVE_STDLIB_H
| # include <stdlib.h>
| #endif
| #ifdef HAVE_STRING_H
| # include <string.h>
| #endif
| #ifdef HAVE_INTTYPES_H
| # include <inttypes.h>
| #endif
| #ifdef HAVE_STDINT_H
| # include <stdint.h>
| #endif
| #ifdef HAVE_STRINGS_H
| # include <strings.h>
| #endif
| #ifdef HAVE_SYS_TYPES_H
| # include <sys/types.h>
| #endif
| #ifdef HAVE_SYS_STAT_H
| # include <sys/stat.h>
| #endif
| #ifdef HAVE_UNISTD_H
| # include <unistd.h>
| #endif
| #include <sys/disklabel.h>
configure:47252: result: no
configure:47258: checking for sys/ioctl.h
configure:47258: gcc -c -g -O2 -I/opt/homebrew/opt/llvm/include conftest.c >&5
configure:47258: $? = 0
configure:47258: result: yes
configure:47264: checking for unistd.h
configure:47264: result: yes
configure:47272: checking for close
configure:47272: gcc -o conftest -g -O2 -I/opt/homebrew/opt/llvm/include -L/opt/homebrew/opt/llvm/lib/c++ -L/opt/homebrew/opt/llvm/lib/unwind -lunwind conftest.c  >&5
configure:47272: $? = 0
configure:47272: result: yes
configure:47278: checking for fstat
configure:47278: gcc -o conftest -g -O2 -I/opt/homebrew/opt/llvm/include -L/opt/homebrew/opt/llvm/lib/c++ -L/opt/homebrew/opt/llvm/lib/unwind -lunwind conftest.c  >&5
configure:47278: $? = 0
configure:47278: result: yes
configure:47284: checking for ftruncate
configure:47284: gcc -o conftest -g -O2 -I/opt/homebrew/opt/llvm/include -L/opt/homebrew/opt/llvm/lib/c++ -L/opt/homebrew/opt/llvm/lib/unwind -lunwind conftest.c  >&5
configure:47284: $? = 0
configure:47284: result: yes
configure:47290: checking for ioctl
configure:47290: gcc -o conftest -g -O2 -I/opt/homebrew/opt/llvm/include -L/opt/homebrew/opt/llvm/lib/c++ -L/opt/homebrew/opt/llvm/lib/unwind -lunwind conftest.c  >&5
configure:47290: $? = 0
configure:47290: result: yes
configure:47296: checking for lseek
configure:47296: gcc -o conftest -g -O2 -I/opt/homebrew/opt/llvm/include -L/opt/homebrew/opt/llvm/lib/c++ -L/opt/homebrew/opt/llvm/lib/unwind -lunwind conftest.c  >&5
configure:47296: $? = 0
configure:47296: result: yes
configure:47302: checking for open
configure:47302: gcc -o conftest -g -O2 -I/opt/homebrew/opt/llvm/include -L/opt/homebrew/opt/llvm/lib/c++ -L/opt/homebrew/opt/llvm/lib/unwind -lunwind conftest.c  >&5
configure:47302: $? = 0
configure:47302: result: yes
configure:47308: checking for read
configure:47308: gcc -o conftest -g -O2 -I/opt/homebrew/opt/llvm/include -L/opt/homebrew/opt/llvm/lib/c++ -L/opt/homebrew/opt/llvm/lib/unwind -lunwind conftest.c  >&5
configure:47308: $? = 0
configure:47308: result: yes
configure:47314: checking for write
configure:47314: gcc -o conftest -g -O2 -I/opt/homebrew/opt/llvm/include -L/opt/homebrew/opt/llvm/lib/c++ -L/opt/homebrew/opt/llvm/lib/unwind -lunwind conftest.c  >&5
configure:47314: $? = 0
configure:47314: result: yes
configure:47331: checking for posix_fadvise
configure:47331: gcc -o conftest -g -O2 -I/opt/homebrew/opt/llvm/include -L/opt/homebrew/opt/llvm/lib/c++ -L/opt/homebrew/opt/llvm/lib/unwind -lunwind conftest.c  >&5
Undefined symbols for architecture arm64:
  "_posix_fadvise", referenced from:
      _main in conftest-e8b76c.o
ld: symbol(s) not found for architecture arm64
clang: error: linker command failed with exit code 1 (use -v to see invocation)
configure:47331: $? = 1
configure: failed program was:
| /* confdefs.h */
| #define PACKAGE_NAME "libvmdk"
| #define PACKAGE_TARNAME "libvmdk"
| #define PACKAGE_VERSION "20260714"
| #define PACKAGE_STRING "libvmdk 20260714"
| #define PACKAGE_BUGREPORT "https://github.com/libyal/libvmdk/issues"
| #define PACKAGE_URL ""
| #define PACKAGE "libvmdk"
| #define VERSION "20260714"
| #define HAVE_STDIO_H 1
| #define HAVE_STDLIB_H 1
| #define HAVE_STRING_H 1
| #define HAVE_INTTYPES_H 1
| #define HAVE_STDINT_H 1
| #define HAVE_STRINGS_H 1
| #define HAVE_SYS_STAT_H 1
| #define HAVE_SYS_TYPES_H 1
| #define HAVE_UNISTD_H 1
| #define STDC_HEADERS 1
| #define HAVE_DLFCN_H 1
| #define LT_OBJDIR ".libs/"
| #define HAVE_CFPREFERENCESCOPYAPPVALUE 1
| #define HAVE_CFLOCALECOPYPREFERREDLANGUAGES 1
| #define HAVE_ICONV 1
| #define HAVE_SYS_TYPES_H 1
| #define HAVE_INTTYPES_H 1
| #define HAVE_STDINT_H 1
| #define HAVE_WCHAR_H 1
| #define SIZEOF_INT 4
| #define SIZEOF_LONG 8
| #define SIZEOF_OFF_T 8
| #define SIZEOF_SIZE_T 8
| #define SIZEOF_WCHAR_T 4
| #define HAVE_LIMITS_H 1
| #define HAVE_STDLIB_H 1
| #define HAVE_STRING_H 1
| #define HAVE_WCHAR_H 1
| #define HAVE_WCTYPE_H 1
| #define HAVE_FCLOSE 1
| #define HAVE_FEOF 1
| #define HAVE_FGETS 1
| #define HAVE_FGETWS 1
| #define HAVE_FOPEN 1
| #define HAVE_FREAD 1
| #define HAVE_FSEEKO 1
| #define HAVE_FWRITE 1
| #define HAVE_VFPRINTF 1
| #define HAVE_FREE 1
| #define HAVE_MALLOC 1
| #define HAVE_MEMCMP 1
| #define HAVE_MEMCPY 1
| #define HAVE_MEMSET 1
| #define HAVE_REALLOC 1
| #define HAVE_MEMCHR 1
| #define HAVE_SNPRINTF 1
| #define HAVE_SSCANF 1
| #define HAVE_STRCASECMP 1
| #define HAVE_STRCHR 1
| #define HAVE_STRLEN 1
| #define HAVE_STRNCASECMP 1
| #define HAVE_STRNCMP 1
| #define HAVE_STRNCPY 1
| #define HAVE_STRRCHR 1
| #define HAVE_STRSTR 1
| #define HAVE_VSNPRINTF 1
| #define HAVE_SWPRINTF 1
| #define HAVE_TOWLOWER 1
| #define HAVE_WCSCASECMP 1
| #define HAVE_WCSCHR 1
| #define HAVE_WCSLEN 1
| #define HAVE_WCSNCASECMP 1
| #define HAVE_WCSNCMP 1
| #define HAVE_WCSNCPY 1
| #define HAVE_WCSRCHR 1
| #define HAVE_WCSSTR 1
| #define HAVE_WMEMCHR 1
| #define HAVE_WMEMCMP 1
| #define HAVE_WMEMCPY 1
| #define HAVE_PRINTF_ZD 1
| #define HAVE_DECL_STRERROR_R 1
| #define HAVE_STDARG_H 1
| #define HAVE_STRERROR_R 1
| #define HAVE_LOCAL_LIBCERROR 1
| #define HAVE_PTHREAD_H 1
| #define HAVE_LOCAL_LIBCTHREADS 1
| #define HAVE_MULTI_THREAD_SUPPORT 1
| #define HAVE_LOCAL_LIBCDATA 1
| #define HAVE_LANGINFO_H 1
| #define HAVE_LOCALE_H 1
| #define HAVE_GETENV 1
| #define HAVE_LOCALECONV 1
| #define HAVE_SETLOCALE 1
| #define HAVE_NL_LANGINFO 1
| #define HAVE_LANGINFO_CODESET 1
| #define HAVE_LOCAL_LIBCLOCALE 1
| #define HAVE_STDARG_H 1
| #define HAVE_ERRNO_H 1
| #define HAVE_LOCAL_LIBCNOTIFY 1
| #define HAVE_LOCAL_LIBCSPLIT 1
| #define HAVE_LOCAL_LIBUNA 1
| #define HAVE_ERRNO_H 1
| #define HAVE_STDIO_H 1
| #define HAVE_SYS_STAT_H 1
| #define HAVE_FCNTL_H 1
| #define HAVE_SYS_DISK_H 1
| #define HAVE_SYS_IOCTL_H 1
| #define HAVE_UNISTD_H 1
| #define HAVE_CLOSE 1
| #define HAVE_FSTAT 1
| #define HAVE_FTRUNCATE 1
| #define HAVE_IOCTL 1
| #define HAVE_LSEEK 1
| #define HAVE_OPEN 1
| #define HAVE_READ 1
| #define HAVE_WRITE 1
| /* end confdefs.h.  */
| /* Define posix_fadvise to an innocuous variant, in case <limits.h> declares posix_fadvise.
|    For example, HP-UX 11i <limits.h> declares gettimeofday.  */
| #define posix_fadvise innocuous_posix_fadvise
| 
| /* System header to define __stub macros and hopefully few prototypes,
|    which can conflict with char posix_fadvise (void); below.  */
| 
| #include <limits.h>
| #undef posix_fadvise
| 
| /* Override any GCC internal prototype to avoid an error.
|    Use char because int might match the return type of a GCC
|    builtin and then its argument prototype would still apply.  */
| #ifdef __cplusplus
| extern "C"
| #endif
| char posix_fadvise (void);
| /* The GNU C library defines this for functions which it implements
|     to always fail with ENOSYS.  Some functions are actually named
|     something starting with __ and the normal name is an alias.  */
| #if defined __stub_posix_fadvise || defined __stub___posix_fadvise
| choke me
| #endif
| 
| int
| main (void)
| {
| return posix_fadvise ();
|   ;
|   return 0;
| }
configure:47331: result: no
configure:47455: checking for stat
configure:47455: gcc -o conftest -g -O2 -I/opt/homebrew/opt/llvm/include -L/opt/homebrew/opt/llvm/lib/c++ -L/opt/homebrew/opt/llvm/lib/unwind -lunwind conftest.c  >&5
configure:47455: $? = 0
configure:47455: result: yes
configure:47461: checking for unlink
configure:47461: gcc -o conftest -g -O2 -I/opt/homebrew/opt/llvm/include -L/opt/homebrew/opt/llvm/lib/c++ -L/opt/homebrew/opt/llvm/lib/unwind -lunwind conftest.c  >&5
configure:47461: $? = 0
configure:47461: result: yes
configure:47549: checking whether to use search for libcpath in includedir and libdir or in the specified DIR, or no if to use local version
configure:47558: result: auto-detect
configure:47586: checking for libcpath >= 20180716
configure:47593: $PKG_CONFIG --exists --print-errors "libcpath >= 20180716"
Package libcpath was not found in the pkg-config search path.
Perhaps you should add the directory containing `libcpath.pc'
to the PKG_CONFIG_PATH environment variable
Package 'libcpath' not found
configure:47596: $? = 1
configure:47610: $PKG_CONFIG --exists --print-errors "libcpath >= 20180716"
Package libcpath was not found in the pkg-config search path.
Perhaps you should add the directory containing `libcpath.pc'
to the PKG_CONFIG_PATH environment variable
Package 'libcpath' not found
configure:47613: $? = 1
configure:47627: result: no
Package 'libcpath' not found
configure:47720: checking for libcpath.h
configure:47720: gcc -c -g -O2 -I/opt/homebrew/opt/llvm/include conftest.c >&5
conftest.c:148:10: fatal error: 'libcpath.h' file not found
  148 | #include <libcpath.h>
      |          ^~~~~~~~~~~~
1 error generated.
configure:47720: $? = 1
configure: failed program was:
| /* confdefs.h */
| #define PACKAGE_NAME "libvmdk"
| #define PACKAGE_TARNAME "libvmdk"
| #define PACKAGE_VERSION "20260714"
| #define PACKAGE_STRING "libvmdk 20260714"
| #define PACKAGE_BUGREPORT "https://github.com/libyal/libvmdk/issues"
| #define PACKAGE_URL ""
| #define PACKAGE "libvmdk"
| #define VERSION "20260714"
| #define HAVE_STDIO_H 1
| #define HAVE_STDLIB_H 1
| #define HAVE_STRING_H 1
| #define HAVE_INTTYPES_H 1
| #define HAVE_STDINT_H 1
| #define HAVE_STRINGS_H 1
| #define HAVE_SYS_STAT_H 1
| #define HAVE_SYS_TYPES_H 1
| #define HAVE_UNISTD_H 1
| #define STDC_HEADERS 1
| #define HAVE_DLFCN_H 1
| #define LT_OBJDIR ".libs/"
| #define HAVE_CFPREFERENCESCOPYAPPVALUE 1
| #define HAVE_CFLOCALECOPYPREFERREDLANGUAGES 1
| #define HAVE_ICONV 1
| #define HAVE_SYS_TYPES_H 1
| #define HAVE_INTTYPES_H 1
| #define HAVE_STDINT_H 1
| #define HAVE_WCHAR_H 1
| #define SIZEOF_INT 4
| #define SIZEOF_LONG 8
| #define SIZEOF_OFF_T 8
| #define SIZEOF_SIZE_T 8
| #define SIZEOF_WCHAR_T 4
| #define HAVE_LIMITS_H 1
| #define HAVE_STDLIB_H 1
| #define HAVE_STRING_H 1
| #define HAVE_WCHAR_H 1
| #define HAVE_WCTYPE_H 1
| #define HAVE_FCLOSE 1
| #define HAVE_FEOF 1
| #define HAVE_FGETS 1
| #define HAVE_FGETWS 1
| #define HAVE_FOPEN 1
| #define HAVE_FREAD 1
| #define HAVE_FSEEKO 1
| #define HAVE_FWRITE 1
| #define HAVE_VFPRINTF 1
| #define HAVE_FREE 1
| #define HAVE_MALLOC 1
| #define HAVE_MEMCMP 1
| #define HAVE_MEMCPY 1
| #define HAVE_MEMSET 1
| #define HAVE_REALLOC 1
| #define HAVE_MEMCHR 1
| #define HAVE_SNPRINTF 1
| #define HAVE_SSCANF 1
| #define HAVE_STRCASECMP 1
| #define HAVE_STRCHR 1
| #define HAVE_STRLEN 1
| #define HAVE_STRNCASECMP 1
| #define HAVE_STRNCMP 1
| #define HAVE_STRNCPY 1
| #define HAVE_STRRCHR 1
| #define HAVE_STRSTR 1
| #define HAVE_VSNPRINTF 1
| #define HAVE_SWPRINTF 1
| #define HAVE_TOWLOWER 1
| #define HAVE_WCSCASECMP 1
| #define HAVE_WCSCHR 1
| #define HAVE_WCSLEN 1
| #define HAVE_WCSNCASECMP 1
| #define HAVE_WCSNCMP 1
| #define HAVE_WCSNCPY 1
| #define HAVE_WCSRCHR 1
| #define HAVE_WCSSTR 1
| #define HAVE_WMEMCHR 1
| #define HAVE_WMEMCMP 1
| #define HAVE_WMEMCPY 1
| #define HAVE_PRINTF_ZD 1
| #define HAVE_DECL_STRERROR_R 1
| #define HAVE_STDARG_H 1
| #define HAVE_STRERROR_R 1
| #define HAVE_LOCAL_LIBCERROR 1
| #define HAVE_PTHREAD_H 1
| #define HAVE_LOCAL_LIBCTHREADS 1
| #define HAVE_MULTI_THREAD_SUPPORT 1
| #define HAVE_LOCAL_LIBCDATA 1
| #define HAVE_LANGINFO_H 1
| #define HAVE_LOCALE_H 1
| #define HAVE_GETENV 1
| #define HAVE_LOCALECONV 1
| #define HAVE_SETLOCALE 1
| #define HAVE_NL_LANGINFO 1
| #define HAVE_LANGINFO_CODESET 1
| #define HAVE_LOCAL_LIBCLOCALE 1
| #define HAVE_STDARG_H 1
| #define HAVE_ERRNO_H 1
| #define HAVE_LOCAL_LIBCNOTIFY 1
| #define HAVE_LOCAL_LIBCSPLIT 1
| #define HAVE_LOCAL_LIBUNA 1
| #define HAVE_ERRNO_H 1
| #define HAVE_STDIO_H 1
| #define HAVE_SYS_STAT_H 1
| #define HAVE_FCNTL_H 1
| #define HAVE_SYS_DISK_H 1
| #define HAVE_SYS_IOCTL_H 1
| #define HAVE_UNISTD_H 1
| #define HAVE_CLOSE 1
| #define HAVE_FSTAT 1
| #define HAVE_FTRUNCATE 1
| #define HAVE_IOCTL 1
| #define HAVE_LSEEK 1
| #define HAVE_OPEN 1
| #define HAVE_READ 1
| #define HAVE_WRITE 1
| #define HAVE_STAT 1
| #define HAVE_UNLINK 1
| #define HAVE_LOCAL_LIBCFILE 1
| /* end confdefs.h.  */
| #include <stddef.h>
| #ifdef HAVE_STDIO_H
| # include <stdio.h>
| #endif
| #ifdef HAVE_STDLIB_H
| # include <stdlib.h>
| #endif
| #ifdef HAVE_STRING_H
| # include <string.h>
| #endif
| #ifdef HAVE_INTTYPES_H
| # include <inttypes.h>
| #endif
| #ifdef HAVE_STDINT_H
| # include <stdint.h>
| #endif
| #ifdef HAVE_STRINGS_H
| # include <strings.h>
| #endif
| #ifdef HAVE_SYS_TYPES_H
| # include <sys/types.h>
| #endif
| #ifdef HAVE_SYS_STAT_H
| # include <sys/stat.h>
| #endif
| #ifdef HAVE_UNISTD_H
| # include <unistd.h>
| #endif
| #include <libcpath.h>
configure:47720: result: no
configure:48550: checking for errno.h
configure:48550: result: yes
configure:48556: checking for sys/stat.h
configure:48556: result: yes
configure:48562: checking for sys/syslimits.h
configure:48562: gcc -c -g -O2 -I/opt/homebrew/opt/llvm/include conftest.c >&5
configure:48562: $? = 0
configure:48562: result: yes
configure:48570: checking for chdir
configure:48570: gcc -o conftest -g -O2 -I/opt/homebrew/opt/llvm/include -L/opt/homebrew/opt/llvm/lib/c++ -L/opt/homebrew/opt/llvm/lib/unwind -lunwind conftest.c  >&5
configure:48570: $? = 0
configure:48570: result: yes
configure:48576: checking for getcwd
configure:48576: gcc -o conftest -g -O2 -I/opt/homebrew/opt/llvm/include -L/opt/homebrew/opt/llvm/lib/c++ -L/opt/homebrew/opt/llvm/lib/unwind -lunwind conftest.c  >&5
configure:48576: $? = 0
configure:48576: result: yes
configure:48602: checking for mkdir
configure:48602: gcc -o conftest -g -O2 -I/opt/homebrew/opt/llvm/include -L/opt/homebrew/opt/llvm/lib/c++ -L/opt/homebrew/opt/llvm/lib/unwind -lunwind conftest.c  >&5
configure:48602: $? = 0
configure:48602: result: yes
configure:48612: checking how to use mkdir
configure:48636: gcc -o conftest -g -O2 -Wall -Werror -I/opt/homebrew/opt/llvm/include -L/opt/homebrew/opt/llvm/lib/c++ -L/opt/homebrew/opt/llvm/lib/unwind -lunwind conftest.c  >&5
configure:48636: $? = 0
configure:48638: result: with additional mode argument
configure:48780: checking whether to use search for libbfio in includedir and libdir or in the specified DIR, or no if to use local version
configure:48789: result: auto-detect
configure:48817: checking for libbfio >= 20201125
configure:48824: $PKG_CONFIG --exists --print-errors "libbfio >= 20201125"
Package libbfio was not found in the pkg-config search path.
Perhaps you should add the directory containing `libbfio.pc'
to the PKG_CONFIG_PATH environment variable
Package 'libbfio' not found
configure:48827: $? = 1
configure:48841: $PKG_CONFIG --exists --print-errors "libbfio >= 20201125"
Package libbfio was not found in the pkg-config search path.
Perhaps you should add the directory containing `libbfio.pc'
to the PKG_CONFIG_PATH environment variable
Package 'libbfio' not found
configure:48844: $? = 1
configure:48858: result: no
Package 'libbfio' not found
configure:48951: checking for libbfio.h
configure:48951: gcc -c -g -O2 -I/opt/homebrew/opt/llvm/include conftest.c >&5
conftest.c:157:10: fatal error: 'libbfio.h' file not found
  157 | #include <libbfio.h>
      |          ^~~~~~~~~~~
1 error generated.
configure:48951: $? = 1
configure: failed program was:
| /* confdefs.h */
| #define PACKAGE_NAME "libvmdk"
| #define PACKAGE_TARNAME "libvmdk"
| #define PACKAGE_VERSION "20260714"
| #define PACKAGE_STRING "libvmdk 20260714"
| #define PACKAGE_BUGREPORT "https://github.com/libyal/libvmdk/issues"
| #define PACKAGE_URL ""
| #define PACKAGE "libvmdk"
| #define VERSION "20260714"
| #define HAVE_STDIO_H 1
| #define HAVE_STDLIB_H 1
| #define HAVE_STRING_H 1
| #define HAVE_INTTYPES_H 1
| #define HAVE_STDINT_H 1
| #define HAVE_STRINGS_H 1
| #define HAVE_SYS_STAT_H 1
| #define HAVE_SYS_TYPES_H 1
| #define HAVE_UNISTD_H 1
| #define STDC_HEADERS 1
| #define HAVE_DLFCN_H 1
| #define LT_OBJDIR ".libs/"
| #define HAVE_CFPREFERENCESCOPYAPPVALUE 1
| #define HAVE_CFLOCALECOPYPREFERREDLANGUAGES 1
| #define HAVE_ICONV 1
| #define HAVE_SYS_TYPES_H 1
| #define HAVE_INTTYPES_H 1
| #define HAVE_STDINT_H 1
| #define HAVE_WCHAR_H 1
| #define SIZEOF_INT 4
| #define SIZEOF_LONG 8
| #define SIZEOF_OFF_T 8
| #define SIZEOF_SIZE_T 8
| #define SIZEOF_WCHAR_T 4
| #define HAVE_LIMITS_H 1
| #define HAVE_STDLIB_H 1
| #define HAVE_STRING_H 1
| #define HAVE_WCHAR_H 1
| #define HAVE_WCTYPE_H 1
| #define HAVE_FCLOSE 1
| #define HAVE_FEOF 1
| #define HAVE_FGETS 1
| #define HAVE_FGETWS 1
| #define HAVE_FOPEN 1
| #define HAVE_FREAD 1
| #define HAVE_FSEEKO 1
| #define HAVE_FWRITE 1
| #define HAVE_VFPRINTF 1
| #define HAVE_FREE 1
| #define HAVE_MALLOC 1
| #define HAVE_MEMCMP 1
| #define HAVE_MEMCPY 1
| #define HAVE_MEMSET 1
| #define HAVE_REALLOC 1
| #define HAVE_MEMCHR 1
| #define HAVE_SNPRINTF 1
| #define HAVE_SSCANF 1
| #define HAVE_STRCASECMP 1
| #define HAVE_STRCHR 1
| #define HAVE_STRLEN 1
| #define HAVE_STRNCASECMP 1
| #define HAVE_STRNCMP 1
| #define HAVE_STRNCPY 1
| #define HAVE_STRRCHR 1
| #define HAVE_STRSTR 1
| #define HAVE_VSNPRINTF 1
| #define HAVE_SWPRINTF 1
| #define HAVE_TOWLOWER 1
| #define HAVE_WCSCASECMP 1
| #define HAVE_WCSCHR 1
| #define HAVE_WCSLEN 1
| #define HAVE_WCSNCASECMP 1
| #define HAVE_WCSNCMP 1
| #define HAVE_WCSNCPY 1
| #define HAVE_WCSRCHR 1
| #define HAVE_WCSSTR 1
| #define HAVE_WMEMCHR 1
| #define HAVE_WMEMCMP 1
| #define HAVE_WMEMCPY 1
| #define HAVE_PRINTF_ZD 1
| #define HAVE_DECL_STRERROR_R 1
| #define HAVE_STDARG_H 1
| #define HAVE_STRERROR_R 1
| #define HAVE_LOCAL_LIBCERROR 1
| #define HAVE_PTHREAD_H 1
| #define HAVE_LOCAL_LIBCTHREADS 1
| #define HAVE_MULTI_THREAD_SUPPORT 1
| #define HAVE_LOCAL_LIBCDATA 1
| #define HAVE_LANGINFO_H 1
| #define HAVE_LOCALE_H 1
| #define HAVE_GETENV 1
| #define HAVE_LOCALECONV 1
| #define HAVE_SETLOCALE 1
| #define HAVE_NL_LANGINFO 1
| #define HAVE_LANGINFO_CODESET 1
| #define HAVE_LOCAL_LIBCLOCALE 1
| #define HAVE_STDARG_H 1
| #define HAVE_ERRNO_H 1
| #define HAVE_LOCAL_LIBCNOTIFY 1
| #define HAVE_LOCAL_LIBCSPLIT 1
| #define HAVE_LOCAL_LIBUNA 1
| #define HAVE_ERRNO_H 1
| #define HAVE_STDIO_H 1
| #define HAVE_SYS_STAT_H 1
| #define HAVE_FCNTL_H 1
| #define HAVE_SYS_DISK_H 1
| #define HAVE_SYS_IOCTL_H 1
| #define HAVE_UNISTD_H 1
| #define HAVE_CLOSE 1
| #define HAVE_FSTAT 1
| #define HAVE_FTRUNCATE 1
| #define HAVE_IOCTL 1
| #define HAVE_LSEEK 1
| #define HAVE_OPEN 1
| #define HAVE_READ 1
| #define HAVE_WRITE 1
| #define HAVE_STAT 1
| #define HAVE_UNLINK 1
| #define HAVE_LOCAL_LIBCFILE 1
| #define HAVE_ERRNO_H 1
| #define HAVE_SYS_STAT_H 1
| #define HAVE_SYS_SYSLIMITS_H 1
| #define HAVE_CHDIR 1
| #define HAVE_GETCWD 1
| #define HAVE_MKDIR 1
| #define HAVE_MKDIR 1
| #define HAVE_MKDIR_MODE 1
| #define HAVE_LOCAL_LIBCPATH 1
| /* end confdefs.h.  */
| #include <stddef.h>
| #ifdef HAVE_STDIO_H
| # include <stdio.h>
| #endif
| #ifdef HAVE_STDLIB_H
| # include <stdlib.h>
| #endif
| #ifdef HAVE_STRING_H
| # include <string.h>
| #endif
| #ifdef HAVE_INTTYPES_H
| # include <inttypes.h>
| #endif
| #ifdef HAVE_STDINT_H
| # include <stdint.h>
| #endif
| #ifdef HAVE_STRINGS_H
| # include <strings.h>
| #endif
| #ifdef HAVE_SYS_TYPES_H
| # include <sys/types.h>
| #endif
| #ifdef HAVE_SYS_STAT_H
| # include <sys/stat.h>
| #endif
| #ifdef HAVE_UNISTD_H
| # include <unistd.h>
| #endif
| #include <libbfio.h>
configure:48951: result: no
configure:51425: checking whether to use search for libfcache in includedir and libdir or in the specified DIR, or no if to use local version
configure:51434: result: auto-detect
configure:51462: checking for libfcache >= 20191109
configure:51469: $PKG_CONFIG --exists --print-errors "libfcache >= 20191109"
Package libfcache was not found in the pkg-config search path.
Perhaps you should add the directory containing `libfcache.pc'
to the PKG_CONFIG_PATH environment variable
Package 'libfcache' not found
configure:51472: $? = 1
configure:51486: $PKG_CONFIG --exists --print-errors "libfcache >= 20191109"
Package libfcache was not found in the pkg-config search path.
Perhaps you should add the directory containing `libfcache.pc'
to the PKG_CONFIG_PATH environment variable
Package 'libfcache' not found
configure:51489: $? = 1
configure:51503: result: no
Package 'libfcache' not found
configure:51544: checking for libfcache.h
configure:51544: gcc -c -g -O2 -I/opt/homebrew/opt/llvm/include conftest.c >&5
conftest.c:158:10: fatal error: 'libfcache.h' file not found
  158 | #include <libfcache.h>
      |          ^~~~~~~~~~~~~
1 error generated.
configure:51544: $? = 1
configure: failed program was:
| /* confdefs.h */
| #define PACKAGE_NAME "libvmdk"
| #define PACKAGE_TARNAME "libvmdk"
| #define PACKAGE_VERSION "20260714"
| #define PACKAGE_STRING "libvmdk 20260714"
| #define PACKAGE_BUGREPORT "https://github.com/libyal/libvmdk/issues"
| #define PACKAGE_URL ""
| #define PACKAGE "libvmdk"
| #define VERSION "20260714"
| #define HAVE_STDIO_H 1
| #define HAVE_STDLIB_H 1
| #define HAVE_STRING_H 1
| #define HAVE_INTTYPES_H 1
| #define HAVE_STDINT_H 1
| #define HAVE_STRINGS_H 1
| #define HAVE_SYS_STAT_H 1
| #define HAVE_SYS_TYPES_H 1
| #define HAVE_UNISTD_H 1
| #define STDC_HEADERS 1
| #define HAVE_DLFCN_H 1
| #define LT_OBJDIR ".libs/"
| #define HAVE_CFPREFERENCESCOPYAPPVALUE 1
| #define HAVE_CFLOCALECOPYPREFERREDLANGUAGES 1
| #define HAVE_ICONV 1
| #define HAVE_SYS_TYPES_H 1
| #define HAVE_INTTYPES_H 1
| #define HAVE_STDINT_H 1
| #define HAVE_WCHAR_H 1
| #define SIZEOF_INT 4
| #define SIZEOF_LONG 8
| #define SIZEOF_OFF_T 8
| #define SIZEOF_SIZE_T 8
| #define SIZEOF_WCHAR_T 4
| #define HAVE_LIMITS_H 1
| #define HAVE_STDLIB_H 1
| #define HAVE_STRING_H 1
| #define HAVE_WCHAR_H 1
| #define HAVE_WCTYPE_H 1
| #define HAVE_FCLOSE 1
| #define HAVE_FEOF 1
| #define HAVE_FGETS 1
| #define HAVE_FGETWS 1
| #define HAVE_FOPEN 1
| #define HAVE_FREAD 1
| #define HAVE_FSEEKO 1
| #define HAVE_FWRITE 1
| #define HAVE_VFPRINTF 1
| #define HAVE_FREE 1
| #define HAVE_MALLOC 1
| #define HAVE_MEMCMP 1
| #define HAVE_MEMCPY 1
| #define HAVE_MEMSET 1
| #define HAVE_REALLOC 1
| #define HAVE_MEMCHR 1
| #define HAVE_SNPRINTF 1
| #define HAVE_SSCANF 1
| #define HAVE_STRCASECMP 1
| #define HAVE_STRCHR 1
| #define HAVE_STRLEN 1
| #define HAVE_STRNCASECMP 1
| #define HAVE_STRNCMP 1
| #define HAVE_STRNCPY 1
| #define HAVE_STRRCHR 1
| #define HAVE_STRSTR 1
| #define HAVE_VSNPRINTF 1
| #define HAVE_SWPRINTF 1
| #define HAVE_TOWLOWER 1
| #define HAVE_WCSCASECMP 1
| #define HAVE_WCSCHR 1
| #define HAVE_WCSLEN 1
| #define HAVE_WCSNCASECMP 1
| #define HAVE_WCSNCMP 1
| #define HAVE_WCSNCPY 1
| #define HAVE_WCSRCHR 1
| #define HAVE_WCSSTR 1
| #define HAVE_WMEMCHR 1
| #define HAVE_WMEMCMP 1
| #define HAVE_WMEMCPY 1
| #define HAVE_PRINTF_ZD 1
| #define HAVE_DECL_STRERROR_R 1
| #define HAVE_STDARG_H 1
| #define HAVE_STRERROR_R 1
| #define HAVE_LOCAL_LIBCERROR 1
| #define HAVE_PTHREAD_H 1
| #define HAVE_LOCAL_LIBCTHREADS 1
| #define HAVE_MULTI_THREAD_SUPPORT 1
| #define HAVE_LOCAL_LIBCDATA 1
| #define HAVE_LANGINFO_H 1
| #define HAVE_LOCALE_H 1
| #define HAVE_GETENV 1
| #define HAVE_LOCALECONV 1
| #define HAVE_SETLOCALE 1
| #define HAVE_NL_LANGINFO 1
| #define HAVE_LANGINFO_CODESET 1
| #define HAVE_LOCAL_LIBCLOCALE 1
| #define HAVE_STDARG_H 1
| #define HAVE_ERRNO_H 1
| #define HAVE_LOCAL_LIBCNOTIFY 1
| #define HAVE_LOCAL_LIBCSPLIT 1
| #define HAVE_LOCAL_LIBUNA 1
| #define HAVE_ERRNO_H 1
| #define HAVE_STDIO_H 1
| #define HAVE_SYS_STAT_H 1
| #define HAVE_FCNTL_H 1
| #define HAVE_SYS_DISK_H 1
| #define HAVE_SYS_IOCTL_H 1
| #define HAVE_UNISTD_H 1
| #define HAVE_CLOSE 1
| #define HAVE_FSTAT 1
| #define HAVE_FTRUNCATE 1
| #define HAVE_IOCTL 1
| #define HAVE_LSEEK 1
| #define HAVE_OPEN 1
| #define HAVE_READ 1
| #define HAVE_WRITE 1
| #define HAVE_STAT 1
| #define HAVE_UNLINK 1
| #define HAVE_LOCAL_LIBCFILE 1
| #define HAVE_ERRNO_H 1
| #define HAVE_SYS_STAT_H 1
| #define HAVE_SYS_SYSLIMITS_H 1
| #define HAVE_CHDIR 1
| #define HAVE_GETCWD 1
| #define HAVE_MKDIR 1
| #define HAVE_MKDIR 1
| #define HAVE_MKDIR_MODE 1
| #define HAVE_LOCAL_LIBCPATH 1
| #define HAVE_LOCAL_LIBBFIO 1
| /* end confdefs.h.  */
| #include <stddef.h>
| #ifdef HAVE_STDIO_H
| # include <stdio.h>
| #endif
| #ifdef HAVE_STDLIB_H
| # include <stdlib.h>
| #endif
| #ifdef HAVE_STRING_H
| # include <string.h>
| #endif
| #ifdef HAVE_INTTYPES_H
| # include <inttypes.h>
| #endif
| #ifdef HAVE_STDINT_H
| # include <stdint.h>
| #endif
| #ifdef HAVE_STRINGS_H
| # include <strings.h>
| #endif
| #ifdef HAVE_SYS_TYPES_H
| # include <sys/types.h>
| #endif
| #ifdef HAVE_SYS_STAT_H
| # include <sys/stat.h>
| #endif
| #ifdef HAVE_UNISTD_H
| # include <unistd.h>
| #endif
| #include <libfcache.h>
configure:51544: result: no
configure:52571: checking whether struct tm is in sys/time.h or time.h
configure:52592: gcc -c -g -O2 -I/opt/homebrew/opt/llvm/include conftest.c >&5
configure:52592: $? = 0
configure:52602: result: time.h
configure:52611: checking for sys/time.h
configure:52611: gcc -c -g -O2 -I/opt/homebrew/opt/llvm/include conftest.c >&5
configure:52611: $? = 0
configure:52611: result: yes
configure:52619: checking for clock_gettime
configure:52619: gcc -o conftest -g -O2 -I/opt/homebrew/opt/llvm/include -L/opt/homebrew/opt/llvm/lib/c++ -L/opt/homebrew/opt/llvm/lib/unwind -lunwind conftest.c  >&5
configure:52619: $? = 0
configure:52619: result: yes
configure:52625: checking for time
configure:52625: gcc -o conftest -g -O2 -I/opt/homebrew/opt/llvm/include -L/opt/homebrew/opt/llvm/lib/c++ -L/opt/homebrew/opt/llvm/lib/unwind -lunwind conftest.c  >&5
configure:52625: $? = 0
configure:52625: result: yes
configure:52704: checking whether to use search for libfdata in includedir and libdir or in the specified DIR, or no if to use local version
configure:52713: result: auto-detect
configure:52741: checking for libfdata >= 20201129
configure:52748: $PKG_CONFIG --exists --print-errors "libfdata >= 20201129"
Package libfdata was not found in the pkg-config search path.
Perhaps you should add the directory containing `libfdata.pc'
to the PKG_CONFIG_PATH environment variable
Package 'libfdata' not found
configure:52751: $? = 1
configure:52765: $PKG_CONFIG --exists --print-errors "libfdata >= 20201129"
Package libfdata was not found in the pkg-config search path.
Perhaps you should add the directory containing `libfdata.pc'
to the PKG_CONFIG_PATH environment variable
Package 'libfdata' not found
configure:52768: $? = 1
configure:52782: result: no
Package 'libfdata' not found
configure:52823: checking for libfdata.h
configure:52823: gcc -c -g -O2 -I/opt/homebrew/opt/llvm/include conftest.c >&5
conftest.c:162:10: fatal error: 'libfdata.h' file not found
  162 | #include <libfdata.h>
      |          ^~~~~~~~~~~~
1 error generated.
configure:52823: $? = 1
configure: failed program was:
| /* confdefs.h */
| #define PACKAGE_NAME "libvmdk"
| #define PACKAGE_TARNAME "libvmdk"
| #define PACKAGE_VERSION "20260714"
| #define PACKAGE_STRING "libvmdk 20260714"
| #define PACKAGE_BUGREPORT "https://github.com/libyal/libvmdk/issues"
| #define PACKAGE_URL ""
| #define PACKAGE "libvmdk"
| #define VERSION "20260714"
| #define HAVE_STDIO_H 1
| #define HAVE_STDLIB_H 1
| #define HAVE_STRING_H 1
| #define HAVE_INTTYPES_H 1
| #define HAVE_STDINT_H 1
| #define HAVE_STRINGS_H 1
| #define HAVE_SYS_STAT_H 1
| #define HAVE_SYS_TYPES_H 1
| #define HAVE_UNISTD_H 1
| #define STDC_HEADERS 1
| #define HAVE_DLFCN_H 1
| #define LT_OBJDIR ".libs/"
| #define HAVE_CFPREFERENCESCOPYAPPVALUE 1
| #define HAVE_CFLOCALECOPYPREFERREDLANGUAGES 1
| #define HAVE_ICONV 1
| #define HAVE_SYS_TYPES_H 1
| #define HAVE_INTTYPES_H 1
| #define HAVE_STDINT_H 1
| #define HAVE_WCHAR_H 1
| #define SIZEOF_INT 4
| #define SIZEOF_LONG 8
| #define SIZEOF_OFF_T 8
| #define SIZEOF_SIZE_T 8
| #define SIZEOF_WCHAR_T 4
| #define HAVE_LIMITS_H 1
| #define HAVE_STDLIB_H 1
| #define HAVE_STRING_H 1
| #define HAVE_WCHAR_H 1
| #define HAVE_WCTYPE_H 1
| #define HAVE_FCLOSE 1
| #define HAVE_FEOF 1
| #define HAVE_FGETS 1
| #define HAVE_FGETWS 1
| #define HAVE_FOPEN 1
| #define HAVE_FREAD 1
| #define HAVE_FSEEKO 1
| #define HAVE_FWRITE 1
| #define HAVE_VFPRINTF 1
| #define HAVE_FREE 1
| #define HAVE_MALLOC 1
| #define HAVE_MEMCMP 1
| #define HAVE_MEMCPY 1
| #define HAVE_MEMSET 1
| #define HAVE_REALLOC 1
| #define HAVE_MEMCHR 1
| #define HAVE_SNPRINTF 1
| #define HAVE_SSCANF 1
| #define HAVE_STRCASECMP 1
| #define HAVE_STRCHR 1
| #define HAVE_STRLEN 1
| #define HAVE_STRNCASECMP 1
| #define HAVE_STRNCMP 1
| #define HAVE_STRNCPY 1
| #define HAVE_STRRCHR 1
| #define HAVE_STRSTR 1
| #define HAVE_VSNPRINTF 1
| #define HAVE_SWPRINTF 1
| #define HAVE_TOWLOWER 1
| #define HAVE_WCSCASECMP 1
| #define HAVE_WCSCHR 1
| #define HAVE_WCSLEN 1
| #define HAVE_WCSNCASECMP 1
| #define HAVE_WCSNCMP 1
| #define HAVE_WCSNCPY 1
| #define HAVE_WCSRCHR 1
| #define HAVE_WCSSTR 1
| #define HAVE_WMEMCHR 1
| #define HAVE_WMEMCMP 1
| #define HAVE_WMEMCPY 1
| #define HAVE_PRINTF_ZD 1
| #define HAVE_DECL_STRERROR_R 1
| #define HAVE_STDARG_H 1
| #define HAVE_STRERROR_R 1
| #define HAVE_LOCAL_LIBCERROR 1
| #define HAVE_PTHREAD_H 1
| #define HAVE_LOCAL_LIBCTHREADS 1
| #define HAVE_MULTI_THREAD_SUPPORT 1
| #define HAVE_LOCAL_LIBCDATA 1
| #define HAVE_LANGINFO_H 1
| #define HAVE_LOCALE_H 1
| #define HAVE_GETENV 1
| #define HAVE_LOCALECONV 1
| #define HAVE_SETLOCALE 1
| #define HAVE_NL_LANGINFO 1
| #define HAVE_LANGINFO_CODESET 1
| #define HAVE_LOCAL_LIBCLOCALE 1
| #define HAVE_STDARG_H 1
| #define HAVE_ERRNO_H 1
| #define HAVE_LOCAL_LIBCNOTIFY 1
| #define HAVE_LOCAL_LIBCSPLIT 1
| #define HAVE_LOCAL_LIBUNA 1
| #define HAVE_ERRNO_H 1
| #define HAVE_STDIO_H 1
| #define HAVE_SYS_STAT_H 1
| #define HAVE_FCNTL_H 1
| #define HAVE_SYS_DISK_H 1
| #define HAVE_SYS_IOCTL_H 1
| #define HAVE_UNISTD_H 1
| #define HAVE_CLOSE 1
| #define HAVE_FSTAT 1
| #define HAVE_FTRUNCATE 1
| #define HAVE_IOCTL 1
| #define HAVE_LSEEK 1
| #define HAVE_OPEN 1
| #define HAVE_READ 1
| #define HAVE_WRITE 1
| #define HAVE_STAT 1
| #define HAVE_UNLINK 1
| #define HAVE_LOCAL_LIBCFILE 1
| #define HAVE_ERRNO_H 1
| #define HAVE_SYS_STAT_H 1
| #define HAVE_SYS_SYSLIMITS_H 1
| #define HAVE_CHDIR 1
| #define HAVE_GETCWD 1
| #define HAVE_MKDIR 1
| #define HAVE_MKDIR 1
| #define HAVE_MKDIR_MODE 1
| #define HAVE_LOCAL_LIBCPATH 1
| #define HAVE_LOCAL_LIBBFIO 1
| #define HAVE_SYS_TIME_H 1
| #define HAVE_CLOCK_GETTIME 1
| #define HAVE_TIME 1
| #define HAVE_LOCAL_LIBFCACHE 1
| /* end confdefs.h.  */
| #include <stddef.h>
| #ifdef HAVE_STDIO_H
| # include <stdio.h>
| #endif
| #ifdef HAVE_STDLIB_H
| # include <stdlib.h>
| #endif
| #ifdef HAVE_STRING_H
| # include <string.h>
| #endif
| #ifdef HAVE_INTTYPES_H
| # include <inttypes.h>
| #endif
| #ifdef HAVE_STDINT_H
| # include <stdint.h>
| #endif
| #ifdef HAVE_STRINGS_H
| # include <strings.h>
| #endif
| #ifdef HAVE_SYS_TYPES_H
| # include <sys/types.h>
| #endif
| #ifdef HAVE_SYS_STAT_H
| # include <sys/stat.h>
| #endif
| #ifdef HAVE_UNISTD_H
| # include <unistd.h>
| #endif
| #include <libfdata.h>
configure:52823: result: no
configure:58095: checking whether to use search for libfvalue in includedir and libdir or in the specified DIR, or no if to use local version
configure:58104: result: auto-detect
configure:58132: checking for libfvalue >= 20200711
configure:58139: $PKG_CONFIG --exists --print-errors "libfvalue >= 20200711"
Package libfvalue was not found in the pkg-config search path.
Perhaps you should add the directory containing `libfvalue.pc'
to the PKG_CONFIG_PATH environment variable
Package 'libfvalue' not found
configure:58142: $? = 1
configure:58156: $PKG_CONFIG --exists --print-errors "libfvalue >= 20200711"
Package libfvalue was not found in the pkg-config search path.
Perhaps you should add the directory containing `libfvalue.pc'
to the PKG_CONFIG_PATH environment variable
Package 'libfvalue' not found
configure:58159: $? = 1
configure:58173: result: no
Package 'libfvalue' not found
configure:58214: checking for libfvalue.h
configure:58214: gcc -c -g -O2 -I/opt/homebrew/opt/llvm/include conftest.c >&5
conftest.c:163:10: fatal error: 'libfvalue.h' file not found
  163 | #include <libfvalue.h>
      |          ^~~~~~~~~~~~~
1 error generated.
configure:58214: $? = 1
configure: failed program was:
| /* confdefs.h */
| #define PACKAGE_NAME "libvmdk"
| #define PACKAGE_TARNAME "libvmdk"
| #define PACKAGE_VERSION "20260714"
| #define PACKAGE_STRING "libvmdk 20260714"
| #define PACKAGE_BUGREPORT "https://github.com/libyal/libvmdk/issues"
| #define PACKAGE_URL ""
| #define PACKAGE "libvmdk"
| #define VERSION "20260714"
| #define HAVE_STDIO_H 1
| #define HAVE_STDLIB_H 1
| #define HAVE_STRING_H 1
| #define HAVE_INTTYPES_H 1
| #define HAVE_STDINT_H 1
| #define HAVE_STRINGS_H 1
| #define HAVE_SYS_STAT_H 1
| #define HAVE_SYS_TYPES_H 1
| #define HAVE_UNISTD_H 1
| #define STDC_HEADERS 1
| #define HAVE_DLFCN_H 1
| #define LT_OBJDIR ".libs/"
| #define HAVE_CFPREFERENCESCOPYAPPVALUE 1
| #define HAVE_CFLOCALECOPYPREFERREDLANGUAGES 1
| #define HAVE_ICONV 1
| #define HAVE_SYS_TYPES_H 1
| #define HAVE_INTTYPES_H 1
| #define HAVE_STDINT_H 1
| #define HAVE_WCHAR_H 1
| #define SIZEOF_INT 4
| #define SIZEOF_LONG 8
| #define SIZEOF_OFF_T 8
| #define SIZEOF_SIZE_T 8
| #define SIZEOF_WCHAR_T 4
| #define HAVE_LIMITS_H 1
| #define HAVE_STDLIB_H 1
| #define HAVE_STRING_H 1
| #define HAVE_WCHAR_H 1
| #define HAVE_WCTYPE_H 1
| #define HAVE_FCLOSE 1
| #define HAVE_FEOF 1
| #define HAVE_FGETS 1
| #define HAVE_FGETWS 1
| #define HAVE_FOPEN 1
| #define HAVE_FREAD 1
| #define HAVE_FSEEKO 1
| #define HAVE_FWRITE 1
| #define HAVE_VFPRINTF 1
| #define HAVE_FREE 1
| #define HAVE_MALLOC 1
| #define HAVE_MEMCMP 1
| #define HAVE_MEMCPY 1
| #define HAVE_MEMSET 1
| #define HAVE_REALLOC 1
| #define HAVE_MEMCHR 1
| #define HAVE_SNPRINTF 1
| #define HAVE_SSCANF 1
| #define HAVE_STRCASECMP 1
| #define HAVE_STRCHR 1
| #define HAVE_STRLEN 1
| #define HAVE_STRNCASECMP 1
| #define HAVE_STRNCMP 1
| #define HAVE_STRNCPY 1
| #define HAVE_STRRCHR 1
| #define HAVE_STRSTR 1
| #define HAVE_VSNPRINTF 1
| #define HAVE_SWPRINTF 1
| #define HAVE_TOWLOWER 1
| #define HAVE_WCSCASECMP 1
| #define HAVE_WCSCHR 1
| #define HAVE_WCSLEN 1
| #define HAVE_WCSNCASECMP 1
| #define HAVE_WCSNCMP 1
| #define HAVE_WCSNCPY 1
| #define HAVE_WCSRCHR 1
| #define HAVE_WCSSTR 1
| #define HAVE_WMEMCHR 1
| #define HAVE_WMEMCMP 1
| #define HAVE_WMEMCPY 1
| #define HAVE_PRINTF_ZD 1
| #define HAVE_DECL_STRERROR_R 1
| #define HAVE_STDARG_H 1
| #define HAVE_STRERROR_R 1
| #define HAVE_LOCAL_LIBCERROR 1
| #define HAVE_PTHREAD_H 1
| #define HAVE_LOCAL_LIBCTHREADS 1
| #define HAVE_MULTI_THREAD_SUPPORT 1
| #define HAVE_LOCAL_LIBCDATA 1
| #define HAVE_LANGINFO_H 1
| #define HAVE_LOCALE_H 1
| #define HAVE_GETENV 1
| #define HAVE_LOCALECONV 1
| #define HAVE_SETLOCALE 1
| #define HAVE_NL_LANGINFO 1
| #define HAVE_LANGINFO_CODESET 1
| #define HAVE_LOCAL_LIBCLOCALE 1
| #define HAVE_STDARG_H 1
| #define HAVE_ERRNO_H 1
| #define HAVE_LOCAL_LIBCNOTIFY 1
| #define HAVE_LOCAL_LIBCSPLIT 1
| #define HAVE_LOCAL_LIBUNA 1
| #define HAVE_ERRNO_H 1
| #define HAVE_STDIO_H 1
| #define HAVE_SYS_STAT_H 1
| #define HAVE_FCNTL_H 1
| #define HAVE_SYS_DISK_H 1
| #define HAVE_SYS_IOCTL_H 1
| #define HAVE_UNISTD_H 1
| #define HAVE_CLOSE 1
| #define HAVE_FSTAT 1
| #define HAVE_FTRUNCATE 1
| #define HAVE_IOCTL 1
| #define HAVE_LSEEK 1
| #define HAVE_OPEN 1
| #define HAVE_READ 1
| #define HAVE_WRITE 1
| #define HAVE_STAT 1
| #define HAVE_UNLINK 1
| #define HAVE_LOCAL_LIBCFILE 1
| #define HAVE_ERRNO_H 1
| #define HAVE_SYS_STAT_H 1
| #define HAVE_SYS_SYSLIMITS_H 1
| #define HAVE_CHDIR 1
| #define HAVE_GETCWD 1
| #define HAVE_MKDIR 1
| #define HAVE_MKDIR 1
| #define HAVE_MKDIR_MODE 1
| #define HAVE_LOCAL_LIBCPATH 1
| #define HAVE_LOCAL_LIBBFIO 1
| #define HAVE_SYS_TIME_H 1
| #define HAVE_CLOCK_GETTIME 1
| #define HAVE_TIME 1
| #define HAVE_LOCAL_LIBFCACHE 1
| #define HAVE_LOCAL_LIBFDATA 1
| /* end confdefs.h.  */
| #include <stddef.h>
| #ifdef HAVE_STDIO_H
| # include <stdio.h>
| #endif
| #ifdef HAVE_STDLIB_H
| # include <stdlib.h>
| #endif
| #ifdef HAVE_STRING_H
| # include <string.h>
| #endif
| #ifdef HAVE_INTTYPES_H
| # include <inttypes.h>
| #endif
| #ifdef HAVE_STDINT_H
| # include <stdint.h>
| #endif
| #ifdef HAVE_STRINGS_H
| # include <strings.h>
| #endif
| #ifdef HAVE_SYS_TYPES_H
| # include <sys/types.h>
| #endif
| #ifdef HAVE_SYS_STAT_H
| # include <sys/stat.h>
| #endif
| #ifdef HAVE_UNISTD_H
| # include <unistd.h>
| #endif
| #include <libfvalue.h>
configure:58214: result: no
configure:63384: checking whether to use search for zlib in includedir and libdir or in the specified DIR, or no if not to use zlib
configure:63393: result: auto-detect
configure:63421: checking for zlib >= 1.2.5
configure:63428: $PKG_CONFIG --exists --print-errors "zlib >= 1.2.5"
configure:63431: $? = 0
configure:63445: $PKG_CONFIG --exists --print-errors "zlib >= 1.2.5"
configure:63448: $? = 0
configure:63486: result: yes
configure:63657: checking for uncompress in -lz
configure:63686: gcc -o conftest -g -O2 -I/opt/homebrew/opt/llvm/include -L/opt/homebrew/opt/llvm/lib/c++ -L/opt/homebrew/opt/llvm/lib/unwind -lunwind conftest.c -lz   >&5
configure:63686: $? = 0
configure:63698: result: yes
configure:63721: checking for bindtextdomain
configure:63721: gcc -o conftest -g -O2 -I/opt/homebrew/opt/llvm/include -L/opt/homebrew/opt/llvm/lib/c++ -L/opt/homebrew/opt/llvm/lib/unwind -lunwind conftest.c  >&5
Undefined symbols for architecture arm64:
  "_bindtextdomain", referenced from:
      _main in conftest-0259b1.o
ld: symbol(s) not found for architecture arm64
clang: error: linker command failed with exit code 1 (use -v to see invocation)
configure:63721: $? = 1
configure: failed program was:
| /* confdefs.h */
| #define PACKAGE_NAME "libvmdk"
| #define PACKAGE_TARNAME "libvmdk"
| #define PACKAGE_VERSION "20260714"
| #define PACKAGE_STRING "libvmdk 20260714"
| #define PACKAGE_BUGREPORT "https://github.com/libyal/libvmdk/issues"
| #define PACKAGE_URL ""
| #define PACKAGE "libvmdk"
| #define VERSION "20260714"
| #define HAVE_STDIO_H 1
| #define HAVE_STDLIB_H 1
| #define HAVE_STRING_H 1
| #define HAVE_INTTYPES_H 1
| #define HAVE_STDINT_H 1
| #define HAVE_STRINGS_H 1
| #define HAVE_SYS_STAT_H 1
| #define HAVE_SYS_TYPES_H 1
| #define HAVE_UNISTD_H 1
| #define STDC_HEADERS 1
| #define HAVE_DLFCN_H 1
| #define LT_OBJDIR ".libs/"
| #define HAVE_CFPREFERENCESCOPYAPPVALUE 1
| #define HAVE_CFLOCALECOPYPREFERREDLANGUAGES 1
| #define HAVE_ICONV 1
| #define HAVE_SYS_TYPES_H 1
| #define HAVE_INTTYPES_H 1
| #define HAVE_STDINT_H 1
| #define HAVE_WCHAR_H 1
| #define SIZEOF_INT 4
| #define SIZEOF_LONG 8
| #define SIZEOF_OFF_T 8
| #define SIZEOF_SIZE_T 8
| #define SIZEOF_WCHAR_T 4
| #define HAVE_LIMITS_H 1
| #define HAVE_STDLIB_H 1
| #define HAVE_STRING_H 1
| #define HAVE_WCHAR_H 1
| #define HAVE_WCTYPE_H 1
| #define HAVE_FCLOSE 1
| #define HAVE_FEOF 1
| #define HAVE_FGETS 1
| #define HAVE_FGETWS 1
| #define HAVE_FOPEN 1
| #define HAVE_FREAD 1
| #define HAVE_FSEEKO 1
| #define HAVE_FWRITE 1
| #define HAVE_VFPRINTF 1
| #define HAVE_FREE 1
| #define HAVE_MALLOC 1
| #define HAVE_MEMCMP 1
| #define HAVE_MEMCPY 1
| #define HAVE_MEMSET 1
| #define HAVE_REALLOC 1
| #define HAVE_MEMCHR 1
| #define HAVE_SNPRINTF 1
| #define HAVE_SSCANF 1
| #define HAVE_STRCASECMP 1
| #define HAVE_STRCHR 1
| #define HAVE_STRLEN 1
| #define HAVE_STRNCASECMP 1
| #define HAVE_STRNCMP 1
| #define HAVE_STRNCPY 1
| #define HAVE_STRRCHR 1
| #define HAVE_STRSTR 1
| #define HAVE_VSNPRINTF 1
| #define HAVE_SWPRINTF 1
| #define HAVE_TOWLOWER 1
| #define HAVE_WCSCASECMP 1
| #define HAVE_WCSCHR 1
| #define HAVE_WCSLEN 1
| #define HAVE_WCSNCASECMP 1
| #define HAVE_WCSNCMP 1
| #define HAVE_WCSNCPY 1
| #define HAVE_WCSRCHR 1
| #define HAVE_WCSSTR 1
| #define HAVE_WMEMCHR 1
| #define HAVE_WMEMCMP 1
| #define HAVE_WMEMCPY 1
| #define HAVE_PRINTF_ZD 1
| #define HAVE_DECL_STRERROR_R 1
| #define HAVE_STDARG_H 1
| #define HAVE_STRERROR_R 1
| #define HAVE_LOCAL_LIBCERROR 1
| #define HAVE_PTHREAD_H 1
| #define HAVE_LOCAL_LIBCTHREADS 1
| #define HAVE_MULTI_THREAD_SUPPORT 1
| #define HAVE_LOCAL_LIBCDATA 1
| #define HAVE_LANGINFO_H 1
| #define HAVE_LOCALE_H 1
| #define HAVE_GETENV 1
| #define HAVE_LOCALECONV 1
| #define HAVE_SETLOCALE 1
| #define HAVE_NL_LANGINFO 1
| #define HAVE_LANGINFO_CODESET 1
| #define HAVE_LOCAL_LIBCLOCALE 1
| #define HAVE_STDARG_H 1
| #define HAVE_ERRNO_H 1
| #define HAVE_LOCAL_LIBCNOTIFY 1
| #define HAVE_LOCAL_LIBCSPLIT 1
| #define HAVE_LOCAL_LIBUNA 1
| #define HAVE_ERRNO_H 1
| #define HAVE_STDIO_H 1
| #define HAVE_SYS_STAT_H 1
| #define HAVE_FCNTL_H 1
| #define HAVE_SYS_DISK_H 1
| #define HAVE_SYS_IOCTL_H 1
| #define HAVE_UNISTD_H 1
| #define HAVE_CLOSE 1
| #define HAVE_FSTAT 1
| #define HAVE_FTRUNCATE 1
| #define HAVE_IOCTL 1
| #define HAVE_LSEEK 1
| #define HAVE_OPEN 1
| #define HAVE_READ 1
| #define HAVE_WRITE 1
| #define HAVE_STAT 1
| #define HAVE_UNLINK 1
| #define HAVE_LOCAL_LIBCFILE 1
| #define HAVE_ERRNO_H 1
| #define HAVE_SYS_STAT_H 1
| #define HAVE_SYS_SYSLIMITS_H 1
| #define HAVE_CHDIR 1
| #define HAVE_GETCWD 1
| #define HAVE_MKDIR 1
| #define HAVE_MKDIR 1
| #define HAVE_MKDIR_MODE 1
| #define HAVE_LOCAL_LIBCPATH 1
| #define HAVE_LOCAL_LIBBFIO 1
| #define HAVE_SYS_TIME_H 1
| #define HAVE_CLOCK_GETTIME 1
| #define HAVE_TIME 1
| #define HAVE_LOCAL_LIBFCACHE 1
| #define HAVE_LOCAL_LIBFDATA 1
| #define HAVE_LOCAL_LIBFVALUE 1
| #define HAVE_ZLIB 1
| #define HAVE_ZLIB_UNCOMPRESS 1
| /* end confdefs.h.  */
| /* Define bindtextdomain to an innocuous variant, in case <limits.h> declares bindtextdomain.
|    For example, HP-UX 11i <limits.h> declares gettimeofday.  */
| #define bindtextdomain innocuous_bindtextdomain
| 
| /* System header to define __stub macros and hopefully few prototypes,
|    which can conflict with char bindtextdomain (void); below.  */
| 
| #include <limits.h>
| #undef bindtextdomain
| 
| /* Override any GCC internal prototype to avoid an error.
|    Use char because int might match the return type of a GCC
|    builtin and then its argument prototype would still apply.  */
| #ifdef __cplusplus
| extern "C"
| #endif
| char bindtextdomain (void);
| /* The GNU C library defines this for functions which it implements
|     to always fail with ENOSYS.  Some functions are actually named
|     something starting with __ and the normal name is an alias.  */
| #if defined __stub_bindtextdomain || defined __stub___bindtextdomain
| choke me
| #endif
| 
| int
| main (void)
| {
| return bindtextdomain ();
|   ;
|   return 0;
| }
configure:63721: result: no
configure:63740: checking whether to use use `python-config --prefix' to determine the prefix of pythondir instead of --prefix
configure:63749: result: no
configure:63762: checking whether to enable build Python bindings
configure:63771: result: no
configure:63783: checking whether to use use to specify the Python directory (pythondir)
configure:63792: result: no
configure:64177: checking whether to use search for libfuse in includedir and libdir or in the specified DIR, or no if not to use libfuse
configure:64186: result: auto-detect
configure:64212: checking for fuse3 >= 3.0
configure:64219: $PKG_CONFIG --exists --print-errors "fuse3 >= 3.0"
configure:64222: $? = 0
configure:64236: $PKG_CONFIG --exists --print-errors "fuse3 >= 3.0"
configure:64239: $? = 0
configure:64277: result: yes
configure:65015: checking for signal.h
configure:65015: gcc -c -g -O2 -I/opt/homebrew/opt/llvm/include conftest.c >&5
configure:65015: $? = 0
configure:65015: result: yes
configure:65021: checking for sys/signal.h
configure:65021: gcc -c -g -O2 -I/opt/homebrew/opt/llvm/include conftest.c >&5
configure:65021: $? = 0
configure:65021: result: yes
configure:65027: checking for unistd.h
configure:65027: result: yes
configure:65035: checking for close
configure:65035: result: yes
configure:65041: checking for getopt
configure:65041: gcc -o conftest -g -O2 -I/opt/homebrew/opt/llvm/include -L/opt/homebrew/opt/llvm/lib/c++ -L/opt/homebrew/opt/llvm/lib/unwind -lunwind conftest.c  >&5
configure:65041: $? = 0
configure:65041: result: yes
configure:65047: checking for setvbuf
configure:65047: gcc -o conftest -g -O2 -I/opt/homebrew/opt/llvm/include -L/opt/homebrew/opt/llvm/lib/c++ -L/opt/homebrew/opt/llvm/lib/unwind -lunwind conftest.c  >&5
configure:65047: $? = 0
configure:65047: result: yes
configure:65064: checking for errno.h
configure:65064: result: yes
configure:65070: checking for sys/time.h
configure:65070: result: yes
configure:65080: checking for clock_gettime
configure:65080: result: yes
configure:65086: checking for getegid
configure:65086: gcc -o conftest -g -O2 -I/opt/homebrew/opt/llvm/include -L/opt/homebrew/opt/llvm/lib/c++ -L/opt/homebrew/opt/llvm/lib/unwind -lunwind conftest.c  >&5
configure:65086: $? = 0
configure:65086: result: yes
configure:65092: checking for geteuid
configure:65092: gcc -o conftest -g -O2 -I/opt/homebrew/opt/llvm/include -L/opt/homebrew/opt/llvm/lib/c++ -L/opt/homebrew/opt/llvm/lib/unwind -lunwind conftest.c  >&5
configure:65092: $? = 0
configure:65092: result: yes
configure:65098: checking for time
configure:65098: result: yes
configure:65117: checking whether to enable build with MinGW binmode
configure:65126: result: no
configure:65243: checking for dlfcn.h
configure:65243: result: yes
configure:65251: checking for getopt
configure:65251: result: yes
configure:65257: checking for mkstemp
configure:65257: gcc -o conftest -g -O2 -I/opt/homebrew/opt/llvm/include -L/opt/homebrew/opt/llvm/lib/c++ -L/opt/homebrew/opt/llvm/lib/unwind -lunwind conftest.c  >&5
configure:65257: $? = 0
configure:65257: result: yes
configure:65263: checking for setenv
configure:65263: gcc -o conftest -g -O2 -I/opt/homebrew/opt/llvm/include -L/opt/homebrew/opt/llvm/lib/c++ -L/opt/homebrew/opt/llvm/lib/unwind -lunwind conftest.c  >&5
configure:65263: $? = 0
configure:65263: result: yes
configure:65269: checking for tmpfile
configure:65269: gcc -o conftest -g -O2 -I/opt/homebrew/opt/llvm/include -L/opt/homebrew/opt/llvm/lib/c++ -L/opt/homebrew/opt/llvm/lib/unwind -lunwind conftest.c  >&5
configure:65269: $? = 0
configure:65269: result: yes
configure:65275: checking for tzset
configure:65275: gcc -o conftest -g -O2 -I/opt/homebrew/opt/llvm/include -L/opt/homebrew/opt/llvm/lib/c++ -L/opt/homebrew/opt/llvm/lib/unwind -lunwind conftest.c  >&5
configure:65275: $? = 0
configure:65275: result: yes
configure:65281: checking for unlink
configure:65281: result: yes
configure:65289: checking for dlsym in -ldl
configure:65318: gcc -o conftest -g -O2 -I/opt/homebrew/opt/llvm/include -L/opt/homebrew/opt/llvm/lib/c++ -L/opt/homebrew/opt/llvm/lib/unwind -lunwind conftest.c -ldl   >&5
configure:65318: $? = 0
configure:65330: result: yes
configure:65351: checking whether pthread_rwlock_unlock can be hooked for testing
configure:65390: gcc -o conftest -g -O2 -I/opt/homebrew/opt/llvm/include -L/opt/homebrew/opt/llvm/lib/c++ -L/opt/homebrew/opt/llvm/lib/unwind -lunwind conftest.c -ldl -lpthread -ldl  >&5
ld: warning: ignoring duplicate libraries: '-ldl'
configure:65390: $? = 0
configure:65390: ./conftest
configure:65390: $? = 0
configure:65411: result: yes
configure:65422: checking whether the file system is case-insensitive
configure:65438: result: yes
configure:65452: checking for cygpath
configure:65491: result: no
configure:65498: checking for winepath
configure:65537: result: no
configure:65545: checking for man
configure:65568: found /usr/bin/man
configure:65581: result: /usr/bin/man
configure:65591: checking for mandoc
configure:65614: found /usr/bin/mandoc
configure:65627: result: /usr/bin/mandoc
configure:65636: checking for manpage linter
configure:65672: result: mandoc
configure:65676: checking for a sed that does not truncate output
configure:65748: result: /usr/bin/sed
configure:65756: checking for gzip
configure:65779: found /usr/bin/gzip
configure:65792: result: /usr/bin/gzip
configure:65804: checking for md5sum
configure:65827: found /sbin/md5sum
configure:65840: result: /sbin/md5sum
configure:65853: checking for zcat
configure:65876: found /usr/bin/zcat
configure:65889: result: /usr/bin/zcat
configure:66142: checking that generated files are newer than configure
configure:66148: result: done
configure:66261: creating ./config.status

## ---------------------- ##
## Running config.status. ##
## ---------------------- ##

This file was extended by libvmdk config.status 20260714, which was
generated by GNU Autoconf 2.72.  Invocation command line was

  CONFIG_FILES    = 
  CONFIG_HEADERS  = 
  CONFIG_LINKS    = 
  CONFIG_COMMANDS = 
  $ ./config.status 

on M5.local

config.status:1570: creating Makefile
config.status:1570: creating include/Makefile
config.status:1570: creating common/Makefile
config.status:1570: creating libcerror/Makefile
config.status:1570: creating libcthreads/Makefile
config.status:1570: creating libcdata/Makefile
config.status:1570: creating libclocale/Makefile
config.status:1570: creating libcnotify/Makefile
config.status:1570: creating libcsplit/Makefile
config.status:1570: creating libuna/Makefile
config.status:1570: creating libcfile/Makefile
config.status:1570: creating libcpath/Makefile
config.status:1570: creating libbfio/Makefile
config.status:1570: creating libfcache/Makefile
config.status:1570: creating libfdata/Makefile
config.status:1570: creating libfvalue/Makefile
config.status:1570: creating libvmdk/Makefile
config.status:1570: creating pyvmdk/Makefile
config.status:1570: creating vmdktools/Makefile
config.status:1570: creating po/Makefile.in
config.status:1570: creating po/Makevars
config.status:1570: creating manuals/Makefile
config.status:1570: creating tests/Makefile
config.status:1570: creating ossfuzz/Makefile
config.status:1570: creating msvscpp/Makefile
config.status:1570: creating include/libvmdk.h
config.status:1570: creating include/libvmdk/definitions.h
config.status:1570: creating include/libvmdk/features.h
config.status:1570: creating include/libvmdk/types.h
config.status:1570: creating libvmdk/libvmdk_definitions.h
config.status:1570: creating common/types.h
config.status:1570: creating dpkg/changelog
config.status:1570: creating libvmdk/libvmdk.rc
config.status:1570: creating libvmdk.pc
config.status:1570: creating libvmdk.spec
config.status:1570: creating pyproject.toml
config.status:1570: creating tests/atlocal
config.status:1570: creating common/config.h
config.status:1751: common/config.h is unchanged
config.status:1799: executing tests/atconfig commands
config.status:1799: executing depfiles commands
config.status:1901: cd libcerror       && sed -e '/# am--include-marker/d' Makefile         | make -f - am--depfiles
make: Nothing to be done for `am--depfiles'.
config.status:1906: $? = 0
config.status:1901: cd libcthreads       && sed -e '/# am--include-marker/d' Makefile         | make -f - am--depfiles
make: Nothing to be done for `am--depfiles'.
config.status:1906: $? = 0
config.status:1901: cd libcdata       && sed -e '/# am--include-marker/d' Makefile         | make -f - am--depfiles
make: Nothing to be done for `am--depfiles'.
config.status:1906: $? = 0
config.status:1901: cd libclocale       && sed -e '/# am--include-marker/d' Makefile         | make -f - am--depfiles
make: Nothing to be done for `am--depfiles'.
config.status:1906: $? = 0
config.status:1901: cd libcnotify       && sed -e '/# am--include-marker/d' Makefile         | make -f - am--depfiles
make: Nothing to be done for `am--depfiles'.
config.status:1906: $? = 0
config.status:1901: cd libcsplit       && sed -e '/# am--include-marker/d' Makefile         | make -f - am--depfiles
make: Nothing to be done for `am--depfiles'.
config.status:1906: $? = 0
config.status:1901: cd libuna       && sed -e '/# am--include-marker/d' Makefile         | make -f - am--depfiles
make: Nothing to be done for `am--depfiles'.
config.status:1906: $? = 0
config.status:1901: cd libcfile       && sed -e '/# am--include-marker/d' Makefile         | make -f - am--depfiles
make: Nothing to be done for `am--depfiles'.
config.status:1906: $? = 0
config.status:1901: cd libcpath       && sed -e '/# am--include-marker/d' Makefile         | make -f - am--depfiles
make: Nothing to be done for `am--depfiles'.
config.status:1906: $? = 0
config.status:1901: cd libbfio       && sed -e '/# am--include-marker/d' Makefile         | make -f - am--depfiles
make: Nothing to be done for `am--depfiles'.
config.status:1906: $? = 0
config.status:1901: cd libfcache       && sed -e '/# am--include-marker/d' Makefile         | make -f - am--depfiles
make: Nothing to be done for `am--depfiles'.
config.status:1906: $? = 0
config.status:1901: cd libfdata       && sed -e '/# am--include-marker/d' Makefile         | make -f - am--depfiles
make: Nothing to be done for `am--depfiles'.
config.status:1906: $? = 0
config.status:1901: cd libfvalue       && sed -e '/# am--include-marker/d' Makefile         | make -f - am--depfiles
make: Nothing to be done for `am--depfiles'.
config.status:1906: $? = 0
config.status:1901: cd libvmdk       && sed -e '/# am--include-marker/d' Makefile         | make -f - am--depfiles
make: Nothing to be done for `am--depfiles'.
config.status:1906: $? = 0
config.status:1901: cd pyvmdk       && sed -e '/# am--include-marker/d' Makefile         | make -f - am--depfiles
make: Nothing to be done for `am--depfiles'.
config.status:1906: $? = 0
config.status:1901: cd vmdktools       && sed -e '/# am--include-marker/d' Makefile         | make -f - am--depfiles
make: Nothing to be done for `am--depfiles'.
config.status:1906: $? = 0
config.status:1901: cd tests       && sed -e '/# am--include-marker/d' Makefile         | make -f - am--depfiles
make: Nothing to be done for `am--depfiles'.
config.status:1906: $? = 0
config.status:1901: cd ossfuzz       && sed -e '/# am--include-marker/d' Makefile         | make -f - am--depfiles
make: Nothing to be done for `am--depfiles'.
config.status:1906: $? = 0
config.status:1799: executing libtool commands
config.status:1799: executing po-directories commands
configure:68866:
Building:
   libcerror support:                         local
   libcthreads support:                       local
   libcdata support:                          local
   libclocale support:                        local
   libcnotify support:                        local
   libcsplit support:                         local
   libuna support:                            local
   libcfile support:                          local
   libcpath support:                          local
   libbfio support:                           local
   libfcache support:                         local
   libfdata support:                          local
   libfvalue support:                         local
   DEFLATE compression support:               zlib
   FUSE support:                              libfuse3

Features:
   Multi-threading support:                   yes
   Wide character type support:               no
   vmdktools are build as static executables: no
   Python (pyvmdk) support:                   no
   Verbose output:                            no
   Debug output:                              no


## ---------------- ##
## Cache variables. ##
## ---------------- ##

ac_cv_build=aarch64-apple-darwin25.5.0
ac_cv_c_compiler_gnu=yes
ac_cv_c_const=yes
ac_cv_c_undeclared_builtin_options='none needed'
ac_cv_c_volatile=yes
ac_cv_cxx_compiler_gnu=yes
ac_cv_enable_asan=no
ac_cv_enable_code_coverage=no
ac_cv_enable_debug_output=no
ac_cv_enable_mingw_binmode=no
ac_cv_enable_multi_threading_support=yes
ac_cv_enable_python=no
ac_cv_enable_shared_libs=yes
ac_cv_enable_static_executables=no
ac_cv_enable_ubsan=no
ac_cv_enable_verbose_output=no
ac_cv_enable_wide_character_type=no
ac_cv_enable_winapi=no
ac_cv_env_CCC_set=
ac_cv_env_CCC_value=
ac_cv_env_CC_set=
ac_cv_env_CC_value=
ac_cv_env_CFLAGS_set=
ac_cv_env_CFLAGS_value=
ac_cv_env_CPPFLAGS_set=set
ac_cv_env_CPPFLAGS_value=-I/opt/homebrew/opt/llvm/include
ac_cv_env_CPP_set=
ac_cv_env_CPP_value=
ac_cv_env_CXXCPP_set=
ac_cv_env_CXXCPP_value=
ac_cv_env_CXXFLAGS_set=
ac_cv_env_CXXFLAGS_value=
ac_cv_env_CXX_set=
ac_cv_env_CXX_value=
ac_cv_env_LDFLAGS_set=set
ac_cv_env_LDFLAGS_value='-L/opt/homebrew/opt/llvm/lib/c++ -L/opt/homebrew/opt/llvm/lib/unwind -lunwind'
ac_cv_env_LIBS_set=
ac_cv_env_LIBS_value=
ac_cv_env_LT_SYS_LIBRARY_PATH_set=
ac_cv_env_LT_SYS_LIBRARY_PATH_value=
ac_cv_env_PKG_CONFIG_LIBDIR_set=
ac_cv_env_PKG_CONFIG_LIBDIR_value=
ac_cv_env_PKG_CONFIG_PATH_set=set
ac_cv_env_PKG_CONFIG_PATH_value=/usr/local/lib/pkgconfig/
ac_cv_env_PKG_CONFIG_set=
ac_cv_env_PKG_CONFIG_value=
ac_cv_env_build_alias_set=
ac_cv_env_build_alias_value=
ac_cv_env_fuse3_CFLAGS_set=
ac_cv_env_fuse3_CFLAGS_value=
ac_cv_env_fuse3_LIBS_set=
ac_cv_env_fuse3_LIBS_value=
ac_cv_env_fuse_CFLAGS_set=
ac_cv_env_fuse_CFLAGS_value=
ac_cv_env_fuse_LIBS_set=
ac_cv_env_fuse_LIBS_value=
ac_cv_env_host_alias_set=
ac_cv_env_host_alias_value=
ac_cv_env_libbfio_CFLAGS_set=
ac_cv_env_libbfio_CFLAGS_value=
ac_cv_env_libbfio_LIBS_set=
ac_cv_env_libbfio_LIBS_value=
ac_cv_env_libcdata_CFLAGS_set=
ac_cv_env_libcdata_CFLAGS_value=
ac_cv_env_libcdata_LIBS_set=
ac_cv_env_libcdata_LIBS_value=
ac_cv_env_libcerror_CFLAGS_set=
ac_cv_env_libcerror_CFLAGS_value=
ac_cv_env_libcerror_LIBS_set=
ac_cv_env_libcerror_LIBS_value=
ac_cv_env_libcfile_CFLAGS_set=
ac_cv_env_libcfile_CFLAGS_value=
ac_cv_env_libcfile_LIBS_set=
ac_cv_env_libcfile_LIBS_value=
ac_cv_env_libclocale_CFLAGS_set=
ac_cv_env_libclocale_CFLAGS_value=
ac_cv_env_libclocale_LIBS_set=
ac_cv_env_libclocale_LIBS_value=
ac_cv_env_libcnotify_CFLAGS_set=
ac_cv_env_libcnotify_CFLAGS_value=
ac_cv_env_libcnotify_LIBS_set=
ac_cv_env_libcnotify_LIBS_value=
ac_cv_env_libcpath_CFLAGS_set=
ac_cv_env_libcpath_CFLAGS_value=
ac_cv_env_libcpath_LIBS_set=
ac_cv_env_libcpath_LIBS_value=
ac_cv_env_libcsplit_CFLAGS_set=
ac_cv_env_libcsplit_CFLAGS_value=
ac_cv_env_libcsplit_LIBS_set=
ac_cv_env_libcsplit_LIBS_value=
ac_cv_env_libcthreads_CFLAGS_set=
ac_cv_env_libcthreads_CFLAGS_value=
ac_cv_env_libcthreads_LIBS_set=
ac_cv_env_libcthreads_LIBS_value=
ac_cv_env_libfcache_CFLAGS_set=
ac_cv_env_libfcache_CFLAGS_value=
ac_cv_env_libfcache_LIBS_set=
ac_cv_env_libfcache_LIBS_value=
ac_cv_env_libfdata_CFLAGS_set=
ac_cv_env_libfdata_CFLAGS_value=
ac_cv_env_libfdata_LIBS_set=
ac_cv_env_libfdata_LIBS_value=
ac_cv_env_libfvalue_CFLAGS_set=
ac_cv_env_libfvalue_CFLAGS_value=
ac_cv_env_libfvalue_LIBS_set=
ac_cv_env_libfvalue_LIBS_value=
ac_cv_env_libuna_CFLAGS_set=
ac_cv_env_libuna_CFLAGS_value=
ac_cv_env_libuna_LIBS_set=
ac_cv_env_libuna_LIBS_value=
ac_cv_env_target_alias_set=
ac_cv_env_target_alias_value=
ac_cv_env_zlib_CFLAGS_set=
ac_cv_env_zlib_CFLAGS_value=
ac_cv_env_zlib_LIBS_set=
ac_cv_env_zlib_LIBS_value=
ac_cv_file_system_case_insentive=yes
ac_cv_func_bindtextdomain=no
ac_cv_func_chdir=yes
ac_cv_func_clock_gettime=yes
ac_cv_func_close=yes
ac_cv_func_fclose=yes
ac_cv_func_feof=yes
ac_cv_func_fgets=yes
ac_cv_func_fgetws=yes
ac_cv_func_fopen=yes
ac_cv_func_fread=yes
ac_cv_func_free=yes
ac_cv_func_fseeko64=no
ac_cv_func_fseeko=yes
ac_cv_func_fstat=yes
ac_cv_func_ftruncate=yes
ac_cv_func_fwrite=yes
ac_cv_func_getcwd=yes
ac_cv_func_getegid=yes
ac_cv_func_getenv=yes
ac_cv_func_geteuid=yes
ac_cv_func_getopt=yes
ac_cv_func_ioctl=yes
ac_cv_func_localeconv=yes
ac_cv_func_lseek=yes
ac_cv_func_malloc=yes
ac_cv_func_memchr=yes
ac_cv_func_memcmp=yes
ac_cv_func_memcpy=yes
ac_cv_func_memrchr=no
ac_cv_func_memset=yes
ac_cv_func_mkdir=yes
ac_cv_func_mkstemp=yes
ac_cv_func_nl_langinfo=yes
ac_cv_func_open=yes
ac_cv_func_posix_fadvise=no
ac_cv_func_read=yes
ac_cv_func_realloc=yes
ac_cv_func_setenv=yes
ac_cv_func_setlocale=yes
ac_cv_func_setvbuf=yes
ac_cv_func_snprintf=yes
ac_cv_func_sscanf=yes
ac_cv_func_stat=yes
ac_cv_func_strcasecmp=yes
ac_cv_func_strchr=yes
ac_cv_func_strerror_r_char_p=no
ac_cv_func_strlen=yes
ac_cv_func_strncasecmp=yes
ac_cv_func_strncmp=yes
ac_cv_func_strncpy=yes
ac_cv_func_strnicmp=no
ac_cv_func_strrchr=yes
ac_cv_func_strstr=yes
ac_cv_func_swprintf=yes
ac_cv_func_time=yes
ac_cv_func_tmpfile=yes
ac_cv_func_towlower=yes
ac_cv_func_tzset=yes
ac_cv_func_unlink=yes
ac_cv_func_vfprintf=yes
ac_cv_func_vsnprintf=yes
ac_cv_func_wcscasecmp=yes
ac_cv_func_wcschr=yes
ac_cv_func_wcslen=yes
ac_cv_func_wcsncasecmp=yes
ac_cv_func_wcsncmp=yes
ac_cv_func_wcsncpy=yes
ac_cv_func_wcsnicmp=no
ac_cv_func_wcsrchr=yes
ac_cv_func_wcsstr=yes
ac_cv_func_wmemchr=yes
ac_cv_func_wmemcmp=yes
ac_cv_func_wmemcpy=yes
ac_cv_func_wmemrchr=no
ac_cv_func_write=yes
ac_cv_have_decl_strerror_r=yes
ac_cv_have_manpage_linter=mandoc
ac_cv_have_printf_jd=no
ac_cv_have_printf_zd=yes
ac_cv_have_pthread_rwlock_unlock_hook=yes
ac_cv_header_cygwin_fs_h=no
ac_cv_header_dlfcn_h=yes
ac_cv_header_errno_h=yes
ac_cv_header_fcntl_h=yes
ac_cv_header_inttypes_h=yes
ac_cv_header_langinfo_h=yes
ac_cv_header_libbfio_h=no
ac_cv_header_libcdata_h=no
ac_cv_header_libcerror_h=no
ac_cv_header_libcfile_h=no
ac_cv_header_libclocale_h=no
ac_cv_header_libcnotify_h=no
ac_cv_header_libcpath_h=no
ac_cv_header_libcsplit_h=no
ac_cv_header_libcthreads_h=no
ac_cv_header_libfcache_h=no
ac_cv_header_libfdata_h=no
ac_cv_header_libfvalue_h=no
ac_cv_header_libintl_h=no
ac_cv_header_libuna_h=no
ac_cv_header_limits_h=yes
ac_cv_header_linux_fs_h=no
ac_cv_header_locale_h=yes
ac_cv_header_pthread_h=yes
ac_cv_header_signal_h=yes
ac_cv_header_stdarg_h=yes
ac_cv_header_stdint_h=yes
ac_cv_header_stdio_h=yes
ac_cv_header_stdlib_h=yes
ac_cv_header_string_h=yes
ac_cv_header_strings_h=yes
ac_cv_header_sys_disk_h=yes
ac_cv_header_sys_disklabel_h=no
ac_cv_header_sys_ioctl_h=yes
ac_cv_header_sys_signal_h=yes
ac_cv_header_sys_stat_h=yes
ac_cv_header_sys_syslimits_h=yes
ac_cv_header_sys_time_h=yes
ac_cv_header_sys_types_h=yes
ac_cv_header_unistd_h=yes
ac_cv_header_varargs_h=no
ac_cv_header_wchar_h=yes
ac_cv_header_wctype_h=yes
ac_cv_host=aarch64-apple-darwin25.5.0
ac_cv_langinfo_codeset=yes
ac_cv_lib_dl_dlsym=yes
ac_cv_lib_pthread_function=yes
ac_cv_lib_z_uncompress=yes
ac_cv_libbfio=local
ac_cv_libbfio_CPPFLAGS='-I../libbfio -I$(top_srcdir)/libbfio'
ac_cv_libbfio_LIBADD=../libbfio/libbfio.la
ac_cv_libcdata=local
ac_cv_libcdata_CPPFLAGS='-I../libcdata -I$(top_srcdir)/libcdata'
ac_cv_libcdata_LIBADD=../libcdata/libcdata.la
ac_cv_libcerror=local
ac_cv_libcerror_CPPFLAGS='-I../libcerror -I$(top_srcdir)/libcerror'
ac_cv_libcerror_LIBADD=../libcerror/libcerror.la
ac_cv_libcfile=local
ac_cv_libcfile_CPPFLAGS='-I../libcfile -I$(top_srcdir)/libcfile'
ac_cv_libcfile_LIBADD=../libcfile/libcfile.la
ac_cv_libclocale=local
ac_cv_libclocale_CPPFLAGS='-I../libclocale -I$(top_srcdir)/libclocale'
ac_cv_libclocale_LIBADD=../libclocale/libclocale.la
ac_cv_libcnotify=local
ac_cv_libcnotify_CPPFLAGS='-I../libcnotify -I$(top_srcdir)/libcnotify'
ac_cv_libcnotify_LIBADD=../libcnotify/libcnotify.la
ac_cv_libcpath=local
ac_cv_libcpath_CPPFLAGS='-I../libcpath -I$(top_srcdir)/libcpath'
ac_cv_libcpath_LIBADD=../libcpath/libcpath.la
ac_cv_libcsplit=local
ac_cv_libcsplit_CPPFLAGS='-I../libcsplit -I$(top_srcdir)/libcsplit'
ac_cv_libcsplit_LIBADD=../libcsplit/libcsplit.la
ac_cv_libcthreads=local
ac_cv_libcthreads_CPPFLAGS='-I../libcthreads -I$(top_srcdir)/libcthreads'
ac_cv_libcthreads_LIBADD=../libcthreads/libcthreads.la
ac_cv_libcthreads_multi_threading=yes
ac_cv_libfcache=local
ac_cv_libfcache_CPPFLAGS='-I../libfcache -I$(top_srcdir)/libfcache'
ac_cv_libfcache_LIBADD=../libfcache/libfcache.la
ac_cv_libfdata=local
ac_cv_libfdata_CPPFLAGS='-I../libfdata -I$(top_srcdir)/libfdata'
ac_cv_libfdata_LIBADD=../libfdata/libfdata.la
ac_cv_libfuse=libfuse3
ac_cv_libfuse_CPPFLAGS='-I/usr/local/include/fuse3 -D_FILE_OFFSET_BITS=64'
ac_cv_libfuse_LIBADD='-L/usr/local/lib -lfuse3 -lpthread'
ac_cv_libfvalue=local
ac_cv_libfvalue_CPPFLAGS='-I../libfvalue -I$(top_srcdir)/libfvalue'
ac_cv_libfvalue_LIBADD=../libfvalue/libfvalue.la
ac_cv_libuna=local
ac_cv_libuna_CPPFLAGS='-I../libuna -I$(top_srcdir)/libuna'
ac_cv_libuna_LIBADD=../libuna/libuna.la
ac_cv_mkdir_mode=yes
ac_cv_objext=o
ac_cv_path_EGREP='/usr/bin/grep -E'
ac_cv_path_EGREP_TRADITIONAL='/usr/bin/grep -E'
ac_cv_path_FGREP='/usr/bin/grep -F'
ac_cv_path_GMSGFMT=/opt/homebrew/bin/msgfmt
ac_cv_path_GREP=/usr/bin/grep
ac_cv_path_GZIP_COMMAND=/usr/bin/gzip
ac_cv_path_MAN=/usr/bin/man
ac_cv_path_MANDOC=/usr/bin/mandoc
ac_cv_path_MD5SUM=/sbin/md5sum
ac_cv_path_MSGFMT=/opt/homebrew/bin/msgfmt
ac_cv_path_MSGMERGE=/opt/homebrew/bin/msgmerge
ac_cv_path_PKGCONFIG=/opt/homebrew/bin/pkg-config
ac_cv_path_SED=/usr/bin/sed
ac_cv_path_XGETTEXT=/opt/homebrew/bin/xgettext
ac_cv_path_ZCAT=/usr/bin/zcat
ac_cv_path_ac_pt_PKG_CONFIG=/opt/homebrew/bin/pkg-config
ac_cv_path_install='/opt/homebrew/bin/ginstall -c'
ac_cv_path_lt_DD=/bin/dd
ac_cv_path_mkdir=/opt/homebrew/bin/gmkdir
ac_cv_prog_AWK=awk
ac_cv_prog_CPP='gcc -E'
ac_cv_prog_CXXCPP='g++ -E'
ac_cv_prog_FILECMD=file
ac_cv_prog_ac_ct_AR=ar
ac_cv_prog_ac_ct_CC=gcc
ac_cv_prog_ac_ct_CXX=g++
ac_cv_prog_ac_ct_DSYMUTIL=dsymutil
ac_cv_prog_ac_ct_LIPO=lipo
ac_cv_prog_ac_ct_NMEDIT=nmedit
ac_cv_prog_ac_ct_OBJDUMP=objdump
ac_cv_prog_ac_ct_OTOOL=otool
ac_cv_prog_ac_ct_RANLIB=ranlib
ac_cv_prog_ac_ct_STRIP=strip
ac_cv_prog_cc_c11=
ac_cv_prog_cc_g=yes
ac_cv_prog_cc_stdc=
ac_cv_prog_cxx_cxx11=
ac_cv_prog_cxx_g=yes
ac_cv_prog_cxx_stdcxx=
ac_cv_prog_make_make_set=yes
ac_cv_pthread=yes
ac_cv_pthread_LIBADD=-lpthread
ac_cv_pthread_dummy=yes
ac_cv_pthread_target_string=aarch64-apple-darwin25.5.0
ac_cv_sizeof_int=4
ac_cv_sizeof_long=8
ac_cv_sizeof_off_t=8
ac_cv_sizeof_size_t=8
ac_cv_sizeof_wchar_t=4
ac_cv_struct_tm=time.h
ac_cv_sys_largefile_opts='none needed'
ac_cv_tests_use_mingw=no
ac_cv_type_mode_t=yes
ac_cv_type_off64_t=no
ac_cv_type_off_t=yes
ac_cv_type_size32_t=no
ac_cv_type_size64_t=no
ac_cv_type_size_t=yes
ac_cv_type_ssize32_t=no
ac_cv_type_ssize64_t=no
ac_cv_type_ssize_t=yes
ac_cv_type_u64=no
ac_cv_uncompress=zlib
ac_cv_with_libbfio=auto-detect
ac_cv_with_libcdata=auto-detect
ac_cv_with_libcerror=auto-detect
ac_cv_with_libcfile=auto-detect
ac_cv_with_libclocale=auto-detect
ac_cv_with_libcnotify=auto-detect
ac_cv_with_libcpath=auto-detect
ac_cv_with_libcsplit=auto-detect
ac_cv_with_libcthreads=auto-detect
ac_cv_with_libfcache=auto-detect
ac_cv_with_libfdata=auto-detect
ac_cv_with_libfuse=auto-detect
ac_cv_with_libfvalue=auto-detect
ac_cv_with_libuna=auto-detect
ac_cv_with_pthread=auto-detect
ac_cv_with_pyprefix=no
ac_cv_with_pythondir=no
ac_cv_with_zlib=auto-detect
ac_cv_zlib=zlib
ac_cv_zlib_CPPFLAGS=
ac_cv_zlib_LIBADD=-lz
acl_cv_hardcode_direct=no
acl_cv_hardcode_libdir_flag_spec=
acl_cv_hardcode_libdir_separator=
acl_cv_hardcode_minus_L=no
acl_cv_libdirstems=lib,lib,lib
acl_cv_libext=a
acl_cv_libname_spec='lib$name'
acl_cv_library_names_spec='$libname$shrext'
acl_cv_prog_gnu_ld=no
acl_cv_rpath=done
acl_cv_shlibext=dylib
acl_cv_wl=-Wl,
am_cv_CC_dependencies_compiler_type=gcc3
am_cv_CXX_dependencies_compiler_type=gcc3
am_cv_filesystem_timestamp_resolution=2
am_cv_func_iconv=yes
am_cv_func_iconv_works=yes
am_cv_lib_iconv=yes
am_cv_make_support_nested_variables=yes
am_cv_prog_cc_c_o=yes
am_cv_prog_tar_ustar=gnutar
am_cv_sleep_fractional_seconds=yes
am_cv_xargs_n_works=yes
gl_cv_elf=no
gl_cv_host_cpu_c_abi_32bit=no
gt_cv_func_CFLocaleCopyPreferredLanguages=yes
gt_cv_func_CFPreferencesCopyAppValue=yes
gt_cv_func_gnugettext1_libc=no
gt_cv_func_gnugettext1_libintl=no
lt_cv_apple_cc_single_mod=no
lt_cv_ar_at_file=no
lt_cv_deplibs_check_method=pass_all
lt_cv_file_magic_cmd='$MAGIC_CMD'
lt_cv_file_magic_test_file=
lt_cv_ld_exported_symbols_list=yes
lt_cv_ld_force_load=yes
lt_cv_ld_reload_flag=-r
lt_cv_nm_interface='BSD nm'
lt_cv_objdir=.libs
lt_cv_path_LD=/Library/Developer/CommandLineTools/usr/bin/ld
lt_cv_path_LDCXX=/Library/Developer/CommandLineTools/usr/bin/ld
lt_cv_path_NM='/usr/bin/nm -B'
lt_cv_path_manifest_tool=no
lt_cv_prog_compiler_c_o=yes
lt_cv_prog_compiler_c_o_CXX=yes
lt_cv_prog_compiler_pic='-fno-common -DPIC'
lt_cv_prog_compiler_pic_CXX='-fno-common -DPIC'
lt_cv_prog_compiler_pic_works=yes
lt_cv_prog_compiler_pic_works_CXX=yes
lt_cv_prog_compiler_rtti_exceptions=yes
lt_cv_prog_compiler_static_works=no
lt_cv_prog_compiler_static_works_CXX=no
lt_cv_prog_gnu_ld=no
lt_cv_prog_gnu_ldcxx=no
lt_cv_sharedlib_from_linklib_cmd='printf %s\n'
lt_cv_support_no_fixup_chains=yes
lt_cv_sys_global_symbol_pipe='/usr/bin/sed -n -e '\''s/^.*[	 ]\([ABCDGIRSTW][ABCDGIRSTW]*\)[	 ][	 ]*_\([_A-Za-z][_A-Za-z0-9]*\)$/\1 _\2 \2/p'\'' | /usr/bin/sed '\''/ __gnu_lto/d'\'''
lt_cv_sys_global_symbol_to_c_name_address='/usr/bin/sed -n -e '\''s/^: \(.*\) .*$/  {"\1", (void *) 0},/p'\'' -e '\''s/^[ABCDGIRSTW][ABCDGIRSTW]* .* \(.*\)$/  {"\1", (void *) \&\1},/p'\'''
lt_cv_sys_global_symbol_to_c_name_address_lib_prefix='/usr/bin/sed -n -e '\''s/^: \(.*\) .*$/  {"\1", (void *) 0},/p'\'' -e '\''s/^[ABCDGIRSTW][ABCDGIRSTW]* .* \(lib.*\)$/  {"\1", (void *) \&\1},/p'\'' -e '\''s/^[ABCDGIRSTW][ABCDGIRSTW]* .* \(.*\)$/  {"lib\1", (void *) \&\1},/p'\'''
lt_cv_sys_global_symbol_to_cdecl='/usr/bin/sed -n -e '\''s/^T .* \(.*\)$/extern int \1();/p'\'' -e '\''s/^[ABCDGIRSTW][ABCDGIRSTW]* .* \(.*\)$/extern char \1;/p'\'''
lt_cv_sys_global_symbol_to_import=
lt_cv_sys_max_cmd_len=786432
lt_cv_to_host_file_cmd=func_convert_file_noop
lt_cv_to_tool_file_cmd=func_convert_file_noop
lt_cv_truncate_bin='/bin/dd bs=4096 count=1'
pkg_cv_fuse3_CFLAGS=-I/usr/local/include/fuse3
pkg_cv_fuse3_LIBS='-L/usr/local/lib -lfuse3 -lpthread'
pkg_cv_zlib_CFLAGS=
pkg_cv_zlib_LIBS=-lz

## ----------------- ##
## Output variables. ##
## ----------------- ##

ACLOCAL='${SHELL} '\''/Users/joker/Downloads/libvmdk-20260714/missing'\'' aclocal-1.18'
AMDEPBACKSLASH='\'
AMDEP_FALSE='#'
AMDEP_TRUE=''
AMTAR='$${TAR-tar}'
AM_BACKSLASH='\'
AM_DEFAULT_V='$(AM_DEFAULT_VERBOSITY)'
AM_DEFAULT_VERBOSITY='1'
AM_V='$(V)'
AR='ar'
AS='as'
AUTOCONF='${SHELL} '\''/Users/joker/Downloads/libvmdk-20260714/missing'\'' autoconf'
AUTOHEADER='${SHELL} '\''/Users/joker/Downloads/libvmdk-20260714/missing'\'' autoheader'
AUTOMAKE='${SHELL} '\''/Users/joker/Downloads/libvmdk-20260714/missing'\'' automake-1.18'
AWK='awk'
CC='gcc'
CCDEPMODE='depmode=gcc3'
CFLAGS='-g -O2 -Wall'
CPP='gcc -E'
CPPFLAGS='-I/opt/homebrew/opt/llvm/include'
CSCOPE='cscope'
CTAGS='ctags'
CXX='g++'
CXXCPP='g++ -E'
CXXDEPMODE='depmode=gcc3'
CXXFLAGS='-g -O2'
CYGPATH=''
CYGPATH_W='echo'
DEFS='-DHAVE_CONFIG_H'
DEPDIR='.deps'
DLLTOOL='false'
DPKG_DATE='Wed, 29 Jul 2026 11:06:17 +0800'
DSYMUTIL='dsymutil'
DUMPBIN=''
ECHO_C='\c'
ECHO_N=''
ECHO_T=''
EGREP='/usr/bin/grep -E'
ETAGS='etags'
EXEEXT=''
FGREP='/usr/bin/grep -F'
FILECMD='file'
GETTEXT_MACRO_VERSION='0.20'
GMSGFMT='/opt/homebrew/bin/msgfmt'
GMSGFMT_015='/opt/homebrew/bin/msgfmt'
GREP='/usr/bin/grep'
GZIP_COMMAND='/usr/bin/gzip'
HAVE_DLLMAIN=''
HAVE_INTTYPES_H='1'
HAVE_LIBBFIO='0'
HAVE_LIBCDATA='0'
HAVE_LIBCERROR='0'
HAVE_LIBCFILE='0'
HAVE_LIBCLOCALE='0'
HAVE_LIBCNOTIFY='0'
HAVE_LIBCPATH='0'
HAVE_LIBCSPLIT='0'
HAVE_LIBCTHREADS='0'
HAVE_LIBFCACHE='0'
HAVE_LIBFDATA='0'
HAVE_LIBFUSE='1'
HAVE_LIBFVALUE='0'
HAVE_LIBUNA='0'
HAVE_LIB_FUZZING_ENGINE_FALSE=''
HAVE_LIB_FUZZING_ENGINE_TRUE='#'
HAVE_LOCAL_LIBBFIO='1'
HAVE_LOCAL_LIBBFIO_FALSE='#'
HAVE_LOCAL_LIBBFIO_TRUE=''
HAVE_LOCAL_LIBCDATA='1'
HAVE_LOCAL_LIBCDATA_FALSE='#'
HAVE_LOCAL_LIBCDATA_TRUE=''
HAVE_LOCAL_LIBCERROR='1'
HAVE_LOCAL_LIBCERROR_FALSE='#'
HAVE_LOCAL_LIBCERROR_TRUE=''
HAVE_LOCAL_LIBCFILE='1'
HAVE_LOCAL_LIBCFILE_FALSE='#'
HAVE_LOCAL_LIBCFILE_TRUE=''
HAVE_LOCAL_LIBCLOCALE='1'
HAVE_LOCAL_LIBCLOCALE_FALSE='#'
HAVE_LOCAL_LIBCLOCALE_TRUE=''
HAVE_LOCAL_LIBCNOTIFY='1'
HAVE_LOCAL_LIBCNOTIFY_FALSE='#'
HAVE_LOCAL_LIBCNOTIFY_TRUE=''
HAVE_LOCAL_LIBCPATH='1'
HAVE_LOCAL_LIBCPATH_FALSE='#'
HAVE_LOCAL_LIBCPATH_TRUE=''
HAVE_LOCAL_LIBCSPLIT='1'
HAVE_LOCAL_LIBCSPLIT_FALSE='#'
HAVE_LOCAL_LIBCSPLIT_TRUE=''
HAVE_LOCAL_LIBCTHREADS='1'
HAVE_LOCAL_LIBCTHREADS_FALSE='#'
HAVE_LOCAL_LIBCTHREADS_TRUE=''
HAVE_LOCAL_LIBFCACHE='1'
HAVE_LOCAL_LIBFCACHE_FALSE='#'
HAVE_LOCAL_LIBFCACHE_TRUE=''
HAVE_LOCAL_LIBFDATA='1'
HAVE_LOCAL_LIBFDATA_FALSE='#'
HAVE_LOCAL_LIBFDATA_TRUE=''
HAVE_LOCAL_LIBFVALUE='1'
HAVE_LOCAL_LIBFVALUE_FALSE='#'
HAVE_LOCAL_LIBFVALUE_TRUE=''
HAVE_LOCAL_LIBUNA='1'
HAVE_LOCAL_LIBUNA_FALSE='#'
HAVE_LOCAL_LIBUNA_TRUE=''
HAVE_MULTI_THREAD_SUPPORT='1'
HAVE_OFF64_T='0'
HAVE_PTHREAD='1'
HAVE_PYTHON_FALSE=''
HAVE_PYTHON_TESTS_FALSE=''
HAVE_PYTHON_TESTS_TRUE='#'
HAVE_PYTHON_TRUE='#'
HAVE_SIZE32_T='0'
HAVE_SIZE64_T='0'
HAVE_SSIZE32_T='0'
HAVE_SSIZE64_T='0'
HAVE_STDINT_H='1'
HAVE_SYS_TYPES_H='1'
HAVE_WCHAR_H='1'
HAVE_WIDE_CHARACTER_TYPE='0'
HAVE_ZLIB='1'
INSTALL_DATA='${INSTALL} -m 644'
INSTALL_PROGRAM='${INSTALL}'
INSTALL_SCRIPT='${INSTALL}'
INSTALL_STRIP_PROGRAM='$(install_sh) -c -s'
INTLLIBS=''
INTL_MACOSX_LIBS='-Wl,-framework -Wl,CoreFoundation'
LD='/Library/Developer/CommandLineTools/usr/bin/ld'
LDFLAGS='-L/opt/homebrew/opt/llvm/lib/c++ -L/opt/homebrew/opt/llvm/lib/unwind -lunwind'
LIBBFIO_CPPFLAGS='-I../libbfio -I$(top_srcdir)/libbfio'
LIBBFIO_LIBADD='../libbfio/libbfio.la'
LIBCDATA_CPPFLAGS='-I../libcdata -I$(top_srcdir)/libcdata'
LIBCDATA_LIBADD='../libcdata/libcdata.la'
LIBCERROR_CPPFLAGS='-I../libcerror -I$(top_srcdir)/libcerror'
LIBCERROR_LIBADD='../libcerror/libcerror.la'
LIBCFILE_CPPFLAGS='-I../libcfile -I$(top_srcdir)/libcfile'
LIBCFILE_LIBADD='../libcfile/libcfile.la'
LIBCLOCALE_CPPFLAGS='-I../libclocale -I$(top_srcdir)/libclocale'
LIBCLOCALE_LIBADD='../libclocale/libclocale.la'
LIBCNOTIFY_CPPFLAGS='-I../libcnotify -I$(top_srcdir)/libcnotify'
LIBCNOTIFY_LIBADD='../libcnotify/libcnotify.la'
LIBCPATH_CPPFLAGS='-I../libcpath -I$(top_srcdir)/libcpath'
LIBCPATH_LIBADD='../libcpath/libcpath.la'
LIBCSPLIT_CPPFLAGS='-I../libcsplit -I$(top_srcdir)/libcsplit'
LIBCSPLIT_LIBADD='../libcsplit/libcsplit.la'
LIBCTHREADS_CPPFLAGS='-I../libcthreads -I$(top_srcdir)/libcthreads'
LIBCTHREADS_LIBADD='../libcthreads/libcthreads.la'
LIBFCACHE_CPPFLAGS='-I../libfcache -I$(top_srcdir)/libfcache'
LIBFCACHE_LIBADD='../libfcache/libfcache.la'
LIBFDATA_CPPFLAGS='-I../libfdata -I$(top_srcdir)/libfdata'
LIBFDATA_LIBADD='../libfdata/libfdata.la'
LIBFUSE_CPPFLAGS='-I/usr/local/include/fuse3 -D_FILE_OFFSET_BITS=64'
LIBFUSE_LIBADD='-L/usr/local/lib -lfuse3 -lpthread'
LIBFVALUE_CPPFLAGS='-I../libfvalue -I$(top_srcdir)/libfvalue'
LIBFVALUE_LIBADD='../libfvalue/libfvalue.la'
LIBICONV='-liconv'
LIBINTL=''
LIBOBJS=''
LIBS='-ldl '
LIBTOOL='$(SHELL) $(top_builddir)/libtool'
LIBTOOL_DEPS='.//ltmain.sh'
LIBUNA_CPPFLAGS='-I../libuna -I$(top_srcdir)/libuna'
LIBUNA_LIBADD='../libuna/libuna.la'
LIBVMDK_DLL_EXPORT=''
LIBVMDK_DLL_IMPORT=''
LIB_FUZZING_ENGINE=''
LIPO='lipo'
LN_S='ln -s'
LTLIBICONV='-liconv'
LTLIBINTL=''
LTLIBOBJS=''
LT_SYS_LIBRARY_PATH=''
MAKEINFO='${SHELL} '\''/Users/joker/Downloads/libvmdk-20260714/missing'\'' makeinfo'
MAN='/usr/bin/man'
MANDOC='/usr/bin/mandoc'
MANIFEST_TOOL=':'
MD5SUM='/sbin/md5sum'
MKDIR_P='/opt/homebrew/bin/gmkdir -p'
MSGFMT='/opt/homebrew/bin/msgfmt'
MSGMERGE='/opt/homebrew/bin/msgmerge'
MSGMERGE_FOR_MSGFMT_OPTION='--for-msgfmt'
NM='/usr/bin/nm -B'
NMEDIT='nmedit'
OBJDUMP='objdump'
OBJEXT='o'
OTOOL64=':'
OTOOL='otool'
PACKAGE='libvmdk'
PACKAGE_BUGREPORT='https://github.com/libyal/libvmdk/issues'
PACKAGE_NAME='libvmdk'
PACKAGE_STRING='libvmdk 20260714'
PACKAGE_TARNAME='libvmdk'
PACKAGE_URL=''
PACKAGE_VERSION='20260714'
PATH_SEPARATOR=':'
PKGCONFIG='/opt/homebrew/bin/pkg-config'
PKG_CONFIG='/opt/homebrew/bin/pkg-config'
PKG_CONFIG_LIBDIR=''
PKG_CONFIG_PATH='/usr/local/lib/pkgconfig/'
POSUB=''
PTHREAD_CPPFLAGS=''
PTHREAD_LIBADD='-lpthread'
PYTHON=''
PYTHON_CONFIG=''
PYTHON_CPPFLAGS=''
PYTHON_EXEC_PREFIX=''
PYTHON_LDFLAGS=''
PYTHON_LIBRARY_DIR=''
PYTHON_PACKAGE_DIR=''
PYTHON_PLATFORM=''
PYTHON_PREFIX=''
RANLIB='ranlib'
SED='/usr/bin/sed'
SET_MAKE=''
SHELL='/bin/sh'
SPEC_DATE='Wed Jul 29 2026'
STATIC_LDFLAGS=''
STRIP='strip'
TESTS_MANPAGE_LINTER='mandoc'
TESTS_USE_MINGW='no'
TESTS_USE_WINAPI='no'
USE_NLS='no'
VERSION='20260714'
WINEPATH=''
XGETTEXT='/opt/homebrew/bin/xgettext'
XGETTEXT_015='/opt/homebrew/bin/xgettext'
XGETTEXT_EXTRA_OPTIONS=''
ZCAT='/usr/bin/zcat'
ZLIB_CPPFLAGS=''
ZLIB_LIBADD='-lz'
ac_ct_AR='ar'
ac_ct_CC='gcc'
ac_ct_CXX='g++'
ac_ct_DUMPBIN=''
am__EXEEXT_FALSE=''
am__EXEEXT_TRUE='#'
am__fastdepCC_FALSE='#'
am__fastdepCC_TRUE=''
am__fastdepCXX_FALSE='#'
am__fastdepCXX_TRUE=''
am__include='include'
am__isrc=''
am__leading_dot='.'
am__nodep='_no'
am__quote=''
am__rm_f_notfound=''
am__tar='tar --format=ustar -chf - "$$tardir"'
am__untar='tar -xf -'
am__xargs_n='xargs -n'
ax_libbfio_pc_libs_private=''
ax_libbfio_spec_build_requires=''
ax_libbfio_spec_requires=''
ax_libcdata_pc_libs_private=''
ax_libcdata_spec_build_requires=''
ax_libcdata_spec_requires=''
ax_libcerror_pc_libs_private=''
ax_libcerror_spec_build_requires=''
ax_libcerror_spec_requires=''
ax_libcfile_pc_libs_private=''
ax_libcfile_spec_build_requires=''
ax_libcfile_spec_requires=''
ax_libclocale_pc_libs_private=''
ax_libclocale_spec_build_requires=''
ax_libclocale_spec_requires=''
ax_libcnotify_pc_libs_private=''
ax_libcnotify_spec_build_requires=''
ax_libcnotify_spec_requires=''
ax_libcpath_pc_libs_private=''
ax_libcpath_spec_build_requires=''
ax_libcpath_spec_requires=''
ax_libcsplit_pc_libs_private=''
ax_libcsplit_spec_build_requires=''
ax_libcsplit_spec_requires=''
ax_libcthreads_pc_libs_private=''
ax_libcthreads_spec_build_requires=''
ax_libcthreads_spec_requires=''
ax_libfcache_pc_libs_private=''
ax_libfcache_spec_build_requires=''
ax_libfcache_spec_requires=''
ax_libfdata_pc_libs_private=''
ax_libfdata_spec_build_requires=''
ax_libfdata_spec_requires=''
ax_libfuse_pc_libs_private='-lfuse3'
ax_libfuse_spec_build_requires='fuse3-devel'
ax_libfuse_spec_requires='fuse3-libs'
ax_libfvalue_pc_libs_private=''
ax_libfvalue_spec_build_requires=''
ax_libfvalue_spec_requires=''
ax_libuna_pc_libs_private=''
ax_libuna_spec_build_requires=''
ax_libuna_spec_requires=''
ax_pthread_pc_libs_private=''
ax_zlib_pc_libs_private='-lz'
ax_zlib_spec_build_requires='zlib-devel'
ax_zlib_spec_requires='zlib'
ax_zlib_static_spec_build_requires='zlib-static'
ax_zlib_static_spec_requires='zlib-static'
bindir='${exec_prefix}/bin'
build='aarch64-apple-darwin25.5.0'
build_alias=''
build_cpu='aarch64'
build_os='darwin25.5.0'
build_vendor='apple'
datadir='${datarootdir}'
datarootdir='${prefix}/share'
docdir='${datarootdir}/doc/${PACKAGE_TARNAME}'
dvidir='${docdir}'
exec_prefix='${prefix}'
fuse3_CFLAGS='-I/usr/local/include/fuse3'
fuse3_LIBS='-L/usr/local/lib -lfuse3 -lpthread'
fuse_CFLAGS=''
fuse_LIBS=''
host='aarch64-apple-darwin25.5.0'
host_alias=''
host_cpu='aarch64'
host_os='darwin25.5.0'
host_vendor='apple'
htmldir='${docdir}'
includedir='${prefix}/include'
infodir='${datarootdir}/info'
install_sh='${SHELL} /Users/joker/Downloads/libvmdk-20260714/install-sh'
libbfio_CFLAGS=''
libbfio_LIBS=''
libcdata_CFLAGS=''
libcdata_LIBS=''
libcerror_CFLAGS=''
libcerror_LIBS=''
libcfile_CFLAGS=''
libcfile_LIBS=''
libclocale_CFLAGS=''
libclocale_LIBS=''
libcnotify_CFLAGS=''
libcnotify_LIBS=''
libcpath_CFLAGS=''
libcpath_LIBS=''
libcsplit_CFLAGS=''
libcsplit_LIBS=''
libcthreads_CFLAGS=''
libcthreads_LIBS=''
libdir='${exec_prefix}/lib'
libexecdir='${exec_prefix}/libexec'
libfcache_CFLAGS=''
libfcache_LIBS=''
libfdata_CFLAGS=''
libfdata_LIBS=''
libfvalue_CFLAGS=''
libfvalue_LIBS=''
libuna_CFLAGS=''
libuna_LIBS=''
libvmdk_spec_requires='Requires:'
libvmdk_spec_tools_build_requires='BuildRequires:'
localedir='${datarootdir}/locale'
localstatedir='${prefix}/var'
mandir='${datarootdir}/man'
mkdir_p='$(MKDIR_P)'
oldincludedir='/usr/include'
pdfdir='${docdir}'
prefix='/usr/local'
program_transform_name='s,x,x,'
psdir='${docdir}'
pyexecdir=''
pythondir=''
runstatedir='${localstatedir}/run'
sbindir='${exec_prefix}/sbin'
sharedstatedir='${prefix}/com'
sysconfdir='${prefix}/etc'
target_alias=''
zlib_CFLAGS=''
zlib_LIBS='-lz'

## ----------- ##
## confdefs.h. ##
## ----------- ##

/* confdefs.h */
#define PACKAGE_NAME "libvmdk"
#define PACKAGE_TARNAME "libvmdk"
#define PACKAGE_VERSION "20260714"
#define PACKAGE_STRING "libvmdk 20260714"
#define PACKAGE_BUGREPORT "https://github.com/libyal/libvmdk/issues"
#define PACKAGE_URL ""
#define PACKAGE "libvmdk"
#define VERSION "20260714"
#define HAVE_STDIO_H 1
#define HAVE_STDLIB_H 1
#define HAVE_STRING_H 1
#define HAVE_INTTYPES_H 1
#define HAVE_STDINT_H 1
#define HAVE_STRINGS_H 1
#define HAVE_SYS_STAT_H 1
#define HAVE_SYS_TYPES_H 1
#define HAVE_UNISTD_H 1
#define STDC_HEADERS 1
#define HAVE_DLFCN_H 1
#define LT_OBJDIR ".libs/"
#define HAVE_CFPREFERENCESCOPYAPPVALUE 1
#define HAVE_CFLOCALECOPYPREFERREDLANGUAGES 1
#define HAVE_ICONV 1
#define HAVE_SYS_TYPES_H 1
#define HAVE_INTTYPES_H 1
#define HAVE_STDINT_H 1
#define HAVE_WCHAR_H 1
#define SIZEOF_INT 4
#define SIZEOF_LONG 8
#define SIZEOF_OFF_T 8
#define SIZEOF_SIZE_T 8
#define SIZEOF_WCHAR_T 4
#define HAVE_LIMITS_H 1
#define HAVE_STDLIB_H 1
#define HAVE_STRING_H 1
#define HAVE_WCHAR_H 1
#define HAVE_WCTYPE_H 1
#define HAVE_FCLOSE 1
#define HAVE_FEOF 1
#define HAVE_FGETS 1
#define HAVE_FGETWS 1
#define HAVE_FOPEN 1
#define HAVE_FREAD 1
#define HAVE_FSEEKO 1
#define HAVE_FWRITE 1
#define HAVE_VFPRINTF 1
#define HAVE_FREE 1
#define HAVE_MALLOC 1
#define HAVE_MEMCMP 1
#define HAVE_MEMCPY 1
#define HAVE_MEMSET 1
#define HAVE_REALLOC 1
#define HAVE_MEMCHR 1
#define HAVE_SNPRINTF 1
#define HAVE_SSCANF 1
#define HAVE_STRCASECMP 1
#define HAVE_STRCHR 1
#define HAVE_STRLEN 1
#define HAVE_STRNCASECMP 1
#define HAVE_STRNCMP 1
#define HAVE_STRNCPY 1
#define HAVE_STRRCHR 1
#define HAVE_STRSTR 1
#define HAVE_VSNPRINTF 1
#define HAVE_SWPRINTF 1
#define HAVE_TOWLOWER 1
#define HAVE_WCSCASECMP 1
#define HAVE_WCSCHR 1
#define HAVE_WCSLEN 1
#define HAVE_WCSNCASECMP 1
#define HAVE_WCSNCMP 1
#define HAVE_WCSNCPY 1
#define HAVE_WCSRCHR 1
#define HAVE_WCSSTR 1
#define HAVE_WMEMCHR 1
#define HAVE_WMEMCMP 1
#define HAVE_WMEMCPY 1
#define HAVE_PRINTF_ZD 1
#define HAVE_DECL_STRERROR_R 1
#define HAVE_STDARG_H 1
#define HAVE_STRERROR_R 1
#define HAVE_LOCAL_LIBCERROR 1
#define HAVE_PTHREAD_H 1
#define HAVE_LOCAL_LIBCTHREADS 1
#define HAVE_MULTI_THREAD_SUPPORT 1
#define HAVE_LOCAL_LIBCDATA 1
#define HAVE_LANGINFO_H 1
#define HAVE_LOCALE_H 1
#define HAVE_GETENV 1
#define HAVE_LOCALECONV 1
#define HAVE_SETLOCALE 1
#define HAVE_NL_LANGINFO 1
#define HAVE_LANGINFO_CODESET 1
#define HAVE_LOCAL_LIBCLOCALE 1
#define HAVE_STDARG_H 1
#define HAVE_ERRNO_H 1
#define HAVE_LOCAL_LIBCNOTIFY 1
#define HAVE_LOCAL_LIBCSPLIT 1
#define HAVE_LOCAL_LIBUNA 1
#define HAVE_ERRNO_H 1
#define HAVE_STDIO_H 1
#define HAVE_SYS_STAT_H 1
#define HAVE_FCNTL_H 1
#define HAVE_SYS_DISK_H 1
#define HAVE_SYS_IOCTL_H 1
#define HAVE_UNISTD_H 1
#define HAVE_CLOSE 1
#define HAVE_FSTAT 1
#define HAVE_FTRUNCATE 1
#define HAVE_IOCTL 1
#define HAVE_LSEEK 1
#define HAVE_OPEN 1
#define HAVE_READ 1
#define HAVE_WRITE 1
#define HAVE_STAT 1
#define HAVE_UNLINK 1
#define HAVE_LOCAL_LIBCFILE 1
#define HAVE_ERRNO_H 1
#define HAVE_SYS_STAT_H 1
#define HAVE_SYS_SYSLIMITS_H 1
#define HAVE_CHDIR 1
#define HAVE_GETCWD 1
#define HAVE_MKDIR 1
#define HAVE_MKDIR 1
#define HAVE_MKDIR_MODE 1
#define HAVE_LOCAL_LIBCPATH 1
#define HAVE_LOCAL_LIBBFIO 1
#define HAVE_SYS_TIME_H 1
#define HAVE_CLOCK_GETTIME 1
#define HAVE_TIME 1
#define HAVE_LOCAL_LIBFCACHE 1
#define HAVE_LOCAL_LIBFDATA 1
#define HAVE_LOCAL_LIBFVALUE 1
#define HAVE_ZLIB 1
#define HAVE_ZLIB_UNCOMPRESS 1
#define HAVE_LIBFUSE3 1
#define HAVE_SIGNAL_H 1
#define HAVE_SYS_SIGNAL_H 1
#define HAVE_UNISTD_H 1
#define HAVE_CLOSE 1
#define HAVE_GETOPT 1
#define HAVE_SETVBUF 1
#define HAVE_ERRNO_H 1
#define HAVE_SYS_TIME_H 1
#define HAVE_CLOCK_GETTIME 1
#define HAVE_GETEGID 1
#define HAVE_GETEUID 1
#define HAVE_TIME 1
#define HAVE_DLFCN_H 1
#define HAVE_GETOPT 1
#define HAVE_MKSTEMP 1
#define HAVE_SETENV 1
#define HAVE_TMPFILE 1
#define HAVE_TZSET 1
#define HAVE_UNLINK 1
#define HAVE_LIBDL 1
#define HAVE_PTHREAD_RWLOCK_UNLOCK_HOOK 1
#define HAVE_CASE_INSENSITIVE_FILE_SYSTEM 1

configure: exit 0
